Timestamp,PERCLOS,State,,Timestamp,PERCLOS,State
1,0,Awake,,1,0,Awake
2,0,Awake,,2,0,Awake
3,0,Awake,,3,0,Awake
4,0,Awake,,4,0,Awake
5,0,Awake,,5,0,Awake
6,0,Awake,,6,0,Awake
7,0,Awake,,7,0,Awake
8,0,Awake,,8,0,Awake
9,0,Awake,,9,0,Awake
10,0,Awake,,10,0,Awake
11,0,Awake,,11,0,Awake
12,0,Awake,,12,0,Awake
13,0,Awake,,13,0,Awake
14,0,Awake,,14,0,Awake
15,0,Awake,,15,0,Awake
16,0,Awake,,16,0,Awake
17,0,Awake,,17,0,Awake
18,0,Awake,,18,0,Awake
19,0,Awake,,19,0,Awake
20,0,Awake,,20,0,Awake
21,0,Awake,,21,0,Awake
22,0,Awake,,22,0,Awake
23,0,Awake,,23,0,Awake
24,0,Awake,,24,0,Awake
25,0,Awake,,25,0,Awake
26,0,Awake,,26,0,Awake
27,0,Awake,,27,0,Awake
28,0,Awake,,28,0,Awake
29,0,Awake,,29,0,Awake
30,0,Awake,,30,0,Awake
31,0,Awake,,31,0,Awake
32,0,Awake,,32,0,Awake
33,0,Awake,,33,0,Awake
34,0,Awake,,34,0,Awake
35,0,Awake,,35,0,Awake
36,0,Awake,,36,0,Awake
37,0,Awake,,37,0,Awake
38,0,Awake,,38,0,Awake
39,0,Awake,,39,0,Awake
40,0,Awake,,40,0,Awake
41,0,Awake,,41,0,Awake
43,0,Awake,,42,,
44,0,Awake,,43,0,Awake
45,0,Awake,,44,0,Awake
46,0,Awake,,45,0,Awake
47,0,Awake,,46,0,Awake
48,0,Awake,,47,0,Awake
49,0,Awake,,48,0,Awake
50,0,Awake,,49,0,Awake
51,0,Awake,,50,0,Awake
52,0,Awake,,51,0,Awake
53,0,Awake,,52,0,Awake
54,0,Awake,,53,0,Awake
55,0,Awake,,54,0,Awake
56,0,Awake,,55,0,Awake
57,0,Awake,,56,0,Awake
58,0,Awake,,57,0,Awake
59,0,Awake,,58,0,Awake
60,0,Awake,,59,0,Awake
61,0,Awake,,60,0,Awake
62,0,Awake,,61,0,Awake
63,0,Awake,,62,0,Awake
64,0,Awake,,63,0,Awake
65,0,Awake,,64,0,Awake
66,0,Awake,,65,0,Awake
67,0,Awake,,66,0,Awake
68,0,Awake,,67,0,Awake
69,0,Awake,,68,0,Awake
70,0,Awake,,69,0,Awake
71,0,Awake,,70,0,Awake
72,0,Awake,,71,0,Awake
74,0,Awake,,72,0,Awake
75,0,Awake,,73,,
76,0,Awake,,74,0,Awake
77,0,Awake,,75,0,Awake
78,0,Awake,,76,0,Awake
79,0,Awake,,77,0,Awake
80,0,Awake,,78,0,Awake
81,0,Awake,,79,0,Awake
82,0,Awake,,80,0,Awake
83,0,Awake,,81,0,Awake
84,0,Awake,,82,0,Awake
85,0,Awake,,83,0,Awake
86,0,Awake,,84,0,Awake
87,0,Awake,,85,0,Awake
88,0,Awake,,86,0,Awake
89,0,Awake,,87,0,Awake
90,0,Awake,,88,0,Awake
91,0,Awake,,89,0,Awake
92,0,Awake,,90,0,Awake
93,0,Awake,,91,0,Awake
94,0,Awake,,92,0,Awake
95,0,Awake,,93,0,Awake
96,0,Awake,,94,0,Awake
97,0,Awake,,95,0,Awake
98,0,Awake,,96,0,Awake
99,0,Awake,,97,0,Awake
100,0,Awake,,98,0,Awake
101,0,Awake,,99,0,Awake
102,0,Awake,,100,0,Awake
103,0,Awake,,101,0,Awake
104,0,Awake,,102,0,Awake
105,0,Awake,,103,0,Awake
107,0,Awake,,104,0,Awake
108,0,Awake,,105,0,Awake
109,0,Awake,,106,,
110,0,Awake,,107,0,Awake
111,0,Awake,,108,0,Awake
112,0,Awake,,109,0,Awake
113,0,Awake,,110,0,Awake
114,0,Awake,,111,0,Awake
115,0,Awake,,112,0,Awake
116,0,Awake,,113,0,Awake
117,0,Awake,,114,0,Awake
118,0,Awake,,115,0,Awake
119,0,Awake,,116,0,Awake
120,0,Awake,,117,0,Awake
121,0,Awake,,118,0,Awake
122,0,Awake,,119,0,Awake
123,0,Awake,,120,0,Awake
124,0,Awake,,121,0,Awake
125,0,Awake,,122,0,Awake
126,0,Awake,,123,0,Awake
127,0,Awake,,124,0,Awake
128,0,Awake,,125,0,Awake
129,0,Awake,,126,0,Awake
130,0,Awake,,127,0,Awake
131,0,Awake,,128,0,Awake
132,0,Awake,,129,0,Awake
133,0,Awake,,130,0,Awake
134,0,Awake,,131,0,Awake
135,0,Awake,,132,0,Awake
136,0,Awake,,133,0,Awake
137,0,Awake,,134,0,Awake
138,0,Awake,,135,0,Awake
139,0,Awake,,136,0,Awake
140,0,Awake,,137,0,Awake
141,0,Awake,,138,0,Awake
142,0,Awake,,139,0,Awake
144,0,Awake,,140,0,Awake
145,0,Awake,,141,0,Awake
146,0,Awake,,142,0,Awake
147,0,Awake,,143,,
148,0,Awake,,144,0,Awake
149,0,Awake,,145,0,Awake
150,0,Awake,,146,0,Awake
151,0,Awake,,147,0,Awake
152,0,Awake,,148,0,Awake
153,0,Awake,,149,0,Awake
154,0,Awake,,150,0,Awake
155,0,Awake,,151,0,Awake
156,0,Awake,,152,0,Awake
157,0,Awake,,153,0,Awake
158,0,Awake,,154,0,Awake
159,0,Awake,,155,0,Awake
160,0,Awake,,156,0,Awake
161,0,Awake,,157,0,Awake
162,0,Awake,,158,0,Awake
163,0,Awake,,159,0,Awake
164,0,Awake,,160,0,Awake
165,0,Awake,,161,0,Awake
166,0,Awake,,162,0,Awake
167,0,Awake,,163,0,Awake
168,0,Awake,,164,0,Awake
169,0,Awake,,165,0,Awake
170,0,Awake,,166,0,Awake
171,0,Awake,,167,0,Awake
172,0,Awake,,168,0,Awake
173,0,Awake,,169,0,Awake
174,0,Awake,,170,0,Awake
175,0,Awake,,171,0,Awake
176,0,Awake,,172,0,Awake
178,0,Awake,,173,0,Awake
179,0,Awake,,174,0,Awake
180,0,Awake,,175,0,Awake
181,0,Awake,,176,0,Awake
182,0,Awake,,177,,
183,0,Awake,,178,0,Awake
184,0,Awake,,179,0,Awake
185,0,Awake,,180,0,Awake
186,0,Awake,,181,0,Awake
187,0,Awake,,182,0,Awake
188,0,Awake,,183,0,Awake
189,0,Awake,,184,0,Awake
190,0,Awake,,185,0,Awake
191,0,Awake,,186,0,Awake
192,0,Awake,,187,0,Awake
193,0,Awake,,188,0,Awake
194,0,Awake,,189,0,Awake
195,0,Awake,,190,0,Awake
196,0,Awake,,191,0,Awake
197,0,Awake,,192,0,Awake
198,0,Awake,,193,0,Awake
199,0,Awake,,194,0,Awake
200,0,Awake,,195,0,Awake
201,0,Awake,,196,0,Awake
202,0,Awake,,197,0,Awake
203,0,Awake,,198,0,Awake
204,0,Awake,,199,0,Awake
205,0,Awake,,200,0,Awake
206,0,Awake,,201,0,Awake
207,0,Awake,,202,0,Awake
208,0,Awake,,203,0,Awake
209,0,Awake,,204,0,Awake
211,0,Awake,,205,0,Awake
212,0,Awake,,206,0,Awake
213,0,Awake,,207,0,Awake
214,0,Awake,,208,0,Awake
215,0,Awake,,209,0,Awake
216,0,Awake,,210,,
217,0,Awake,,211,0,Awake
218,0,Awake,,212,0,Awake
219,0,Awake,,213,0,Awake
220,0,Awake,,214,0,Awake
221,0,Awake,,215,0,Awake
222,0,Awake,,216,0,Awake
223,0,Awake,,217,0,Awake
224,0,Awake,,218,0,Awake
225,0,Awake,,219,0,Awake
226,0,Awake,,220,0,Awake
227,0,Awake,,221,0,Awake
228,0,Awake,,222,0,Awake
229,0,Awake,,223,0,Awake
230,0,Awake,,224,0,Awake
231,0,Awake,,225,0,Awake
232,0,Awake,,226,0,Awake
233,0,Awake,,227,0,Awake
234,0,Awake,,228,0,Awake
235,0,Awake,,229,0,Awake
236,0,Awake,,230,0,Awake
237,0,Awake,,231,0,Awake
238,0,Awake,,232,0,Awake
239,0,Awake,,233,0,Awake
240,0,Awake,,234,0,Awake
241,0,Awake,,235,0,Awake
242,0,Awake,,236,0,Awake
243,0,Awake,,237,0,Awake
244,0,Awake,,238,0,Awake
246,0,Awake,,239,0,Awake
247,0,Awake,,240,0,Awake
248,0,Awake,,241,0,Awake
249,0,Awake,,242,0,Awake
250,0,Awake,,243,0,Awake
251,0,Awake,,244,0,Awake
252,0,Awake,,245,,
253,0,Awake,,246,0,Awake
254,0,Awake,,247,0,Awake
255,0,Awake,,248,0,Awake
256,0,Awake,,249,0,Awake
257,0,Awake,,250,0,Awake
258,0,Awake,,251,0,Awake
259,0,Awake,,252,0,Awake
260,0,Awake,,253,0,Awake
261,0,Awake,,254,0,Awake
262,0,Awake,,255,0,Awake
263,0,Awake,,256,0,Awake
264,0,Awake,,257,0,Awake
265,0,Awake,,258,0,Awake
266,0,Awake,,259,0,Awake
267,0,Awake,,260,0,Awake
268,0,Awake,,261,0,Awake
269,0,Awake,,262,0,Awake
270,0.001,Awake,,263,0,Awake
271,0,Awake,,264,0,Awake
272,0,Awake,,265,0,Awake
273,0,Awake,,266,0,Awake
274,0,Awake,,267,0,Awake
275,0,Awake,,268,0,Awake
276,0,Awake,,269,0,Awake
277,0,Awake,,270,0.001,Awake
278,0,Awake,,271,0,Awake
279,0,Awake,,272,0,Awake
280,0,Awake,,273,0,Awake
281,0,Awake,,274,0,Awake
282,0,Awake,,275,0,Awake
284,0,Awake,,276,0,Awake
285,0,Awake,,277,0,Awake
286,0,Awake,,278,0,Awake
287,0,Awake,,279,0,Awake
288,0,Awake,,280,0,Awake
289,0,Awake,,281,0,Awake
290,0,Awake,,282,0,Awake
291,0,Awake,,283,,
292,0,Awake,,284,0,Awake
293,0,Awake,,285,0,Awake
294,0,Awake,,286,0,Awake
295,0,Awake,,287,0,Awake
296,0,Awake,,288,0,Awake
297,0,Awake,,289,0,Awake
298,0,Awake,,290,0,Awake
299,0,Awake,,291,0,Awake
300,0,Awake,,292,0,Awake
301,0,Awake,,293,0,Awake
302,0,Awake,,294,0,Awake
303,0.001,Awake,,295,0,Awake
304,0,Awake,,296,0,Awake
305,0,Awake,,297,0,Awake
306,0,Awake,,298,0,Awake
307,0,Awake,,299,0,Awake
308,0,Awake,,300,0,Awake
309,0,Awake,,301,0,Awake
310,0,Awake,,302,0,Awake
311,0,Awake,,303,0.001,Awake
312,0,Awake,,304,0,Awake
314,0,Awake,,305,0,Awake
315,0,Awake,,306,0,Awake
316,0,Awake,,307,0,Awake
317,0,Awake,,308,0,Awake
318,0,Awake,,309,0,Awake
319,0,Awake,,310,0,Awake
320,0,Awake,,311,0,Awake
321,0,Awake,,312,0,Awake
322,0,Awake,,313,,
323,0,Awake,,314,0,Awake
324,0,Awake,,315,0,Awake
325,0,Awake,,316,0,Awake
326,0,Awake,,317,0,Awake
327,0,Awake,,318,0,Awake
328,0,Awake,,319,0,Awake
329,0,Awake,,320,0,Awake
330,0,Awake,,321,0,Awake
331,0,Awake,,322,0,Awake
332,0,Awake,,323,0,Awake
333,0,Awake,,324,0,Awake
334,0,Awake,,325,0,Awake
335,0,Awake,,326,0,Awake
336,0,Awake,,327,0,Awake
337,0,Awake,,328,0,Awake
338,0,Awake,,329,0,Awake
339,0,Awake,,330,0,Awake
340,0,Awake,,331,0,Awake
341,0,Awake,,332,0,Awake
343,0,Awake,,333,0,Awake
344,0,Awake,,334,0,Awake
345,0,Awake,,335,0,Awake
346,0,Awake,,336,0,Awake
347,0,Awake,,337,0,Awake
348,0,Awake,,338,0,Awake
349,0,Awake,,339,0,Awake
350,0,Awake,,340,0,Awake
351,0,Awake,,341,0,Awake
352,0,Awake,,342,,
353,0,Awake,,343,0,Awake
354,0,Awake,,344,0,Awake
355,0,Awake,,345,0,Awake
356,0,Awake,,346,0,Awake
357,0,Awake,,347,0,Awake
358,0,Awake,,348,0,Awake
359,0,Awake,,349,0,Awake
360,0,Awake,,350,0,Awake
361,0.001,Awake,,351,0,Awake
362,0,Awake,,352,0,Awake
363,0,Awake,,353,0,Awake
364,0,Awake,,354,0,Awake
365,0,Awake,,355,0,Awake
366,0,Awake,,356,0,Awake
367,0,Awake,,357,0,Awake
368,0,Awake,,358,0,Awake
369,0,Awake,,359,0,Awake
370,0,Awake,,360,0,Awake
371,0,Awake,,361,0.001,Awake
372,0,Awake,,362,0,Awake
373,0,Awake,,363,0,Awake
374,0,Awake,,364,0,Awake
375,0,Awake,,365,0,Awake
377,0,Awake,,366,0,Awake
378,0,Awake,,367,0,Awake
379,0,Awake,,368,0,Awake
380,0,Awake,,369,0,Awake
381,0,Awake,,370,0,Awake
382,0,Awake,,371,0,Awake
383,0,Awake,,372,0,Awake
384,0,Awake,,373,0,Awake
385,0,Awake,,374,0,Awake
386,0,Awake,,375,0,Awake
387,0,Awake,,376,,
388,0,Awake,,377,0,Awake
389,0,Awake,,378,0,Awake
390,0,Awake,,379,0,Awake
391,0,Awake,,380,0,Awake
392,0,Awake,,381,0,Awake
393,0,Awake,,382,0,Awake
394,0,Awake,,383,0,Awake
395,0,Awake,,384,0,Awake
396,0,Awake,,385,0,Awake
397,0,Awake,,386,0,Awake
398,0,Awake,,387,0,Awake
399,0,Awake,,388,0,Awake
400,0,Awake,,389,0,Awake
401,0,Awake,,390,0,Awake
402,0,Awake,,391,0,Awake
403,0,Awake,,392,0,Awake
404,0,Awake,,393,0,Awake
405,0,Awake,,394,0,Awake
406,0,Awake,,395,0,Awake
407,0,Awake,,396,0,Awake
408,0,Awake,,397,0,Awake
409,0,Awake,,398,0,Awake
410,0,Awake,,399,0,Awake
411,0,Awake,,400,0,Awake
412,0,Awake,,401,0,Awake
413,0,Awake,,402,0,Awake
414,0,Awake,,403,0,Awake
416,0,Awake,,404,0,Awake
417,0,Awake,,405,0,Awake
418,0,Awake,,406,0,Awake
419,0,Awake,,407,0,Awake
420,0,Awake,,408,0,Awake
421,0,Awake,,409,0,Awake
422,0,Awake,,410,0,Awake
423,0,Awake,,411,0,Awake
424,0,Awake,,412,0,Awake
425,0,Awake,,413,0,Awake
426,0,Awake,,414,0,Awake
427,0,Awake,,415,,
428,0,Awake,,416,0,Awake
429,0,Awake,,417,0,Awake
430,0,Awake,,418,0,Awake
431,0,Awake,,419,0,Awake
432,0,Awake,,420,0,Awake
433,0,Awake,,421,0,Awake
434,0,Awake,,422,0,Awake
435,0,Awake,,423,0,Awake
436,0,Awake,,424,0,Awake
437,0,Awake,,425,0,Awake
438,0,Awake,,426,0,Awake
439,0,Awake,,427,0,Awake
440,0,Awake,,428,0,Awake
441,0,Awake,,429,0,Awake
442,0,Awake,,430,0,Awake
443,0,Awake,,431,0,Awake
444,0,Awake,,432,0,Awake
445,0,Awake,,433,0,Awake
446,0,Awake,,434,0,Awake
447,0,Awake,,435,0,Awake
448,0,Awake,,436,0,Awake
449,0,Awake,,437,0,Awake
450,0,Awake,,438,0,Awake
451,0,Awake,,439,0,Awake
452,0,Awake,,440,0,Awake
453,0,Awake,,441,0,Awake
455,0,Awake,,442,0,Awake
456,0,Awake,,443,0,Awake
457,0,Awake,,444,0,Awake
458,0,Awake,,445,0,Awake
459,0,Awake,,446,0,Awake
460,0,Awake,,447,0,Awake
461,0,Awake,,448,0,Awake
462,0,Awake,,449,0,Awake
463,0,Awake,,450,0,Awake
464,0,Awake,,451,0,Awake
465,0,Awake,,452,0,Awake
466,0,Awake,,453,0,Awake
467,0,Awake,,454,,
468,0,Awake,,455,0,Awake
469,0,Awake,,456,0,Awake
470,0,Awake,,457,0,Awake
471,0,Awake,,458,0,Awake
472,0,Awake,,459,0,Awake
473,0,Awake,,460,0,Awake
474,0,Awake,,461,0,Awake
475,0,Awake,,462,0,Awake
476,0,Awake,,463,0,Awake
477,0.001,Awake,,464,0,Awake
478,0,Awake,,465,0,Awake
479,0,Awake,,466,0,Awake
480,0,Awake,,467,0,Awake
481,0,Awake,,468,0,Awake
482,0,Awake,,469,0,Awake
483,0,Awake,,470,0,Awake
485,0,Awake,,471,0,Awake
486,0,Awake,,472,0,Awake
487,0,Awake,,473,0,Awake
488,0,Awake,,474,0,Awake
489,0,Awake,,475,0,Awake
490,0,Awake,,476,0,Awake
491,0,Awake,,477,0.001,Awake
492,0,Awake,,478,0,Awake
493,0,Awake,,479,0,Awake
494,0.001,Awake,,480,0,Awake
495,0,Awake,,481,0,Awake
496,0,Awake,,482,0,Awake
497,0,Awake,,483,0,Awake
498,0,Awake,,484,,
499,0,Awake,,485,0,Awake
500,0,Awake,,486,0,Awake
501,0,Awake,,487,0,Awake
502,0,Awake,,488,0,Awake
503,0,Awake,,489,0,Awake
504,0,Awake,,490,0,Awake
505,0,Awake,,491,0,Awake
506,0,Awake,,492,0,Awake
507,0,Awake,,493,0,Awake
508,0,Awake,,494,0.001,Awake
509,0,Awake,,495,0,Awake
510,0,Awake,,496,0,Awake
511,0,Awake,,497,0,Awake
512,0,Awake,,498,0,Awake
513,0,Awake,,499,0,Awake
514,0,Awake,,500,0,Awake
515,0,Awake,,501,0,Awake
516,0,Awake,,502,0,Awake
518,0,Awake,,503,0,Awake
519,0,Awake,,504,0,Awake
520,0,Awake,,505,0,Awake
521,0,Awake,,506,0,Awake
522,0,Awake,,507,0,Awake
523,0,Awake,,508,0,Awake
524,0,Awake,,509,0,Awake
525,0,Awake,,510,0,Awake
526,0,Awake,,511,0,Awake
527,0,Awake,,512,0,Awake
528,0,Awake,,513,0,Awake
529,0,Awake,,514,0,Awake
530,0,Awake,,515,0,Awake
531,0,Awake,,516,0,Awake
532,0,Awake,,517,,
533,0,Awake,,518,0,Awake
534,0,Awake,,519,0,Awake
535,0,Awake,,520,0,Awake
536,0,Awake,,521,0,Awake
537,0,Awake,,522,0,Awake
538,0,Awake,,523,0,Awake
539,0,Awake,,524,0,Awake
540,0,Awake,,525,0,Awake
541,0,Awake,,526,0,Awake
542,0,Awake,,527,0,Awake
543,0,Awake,,528,0,Awake
544,0,Awake,,529,0,Awake
545,0,Awake,,530,0,Awake
546,0,Awake,,531,0,Awake
548,0,Awake,,532,0,Awake
549,0,Awake,,533,0,Awake
550,0,Awake,,534,0,Awake
551,0,Awake,,535,0,Awake
552,0,Awake,,536,0,Awake
553,0,Awake,,537,0,Awake
554,0,Awake,,538,0,Awake
555,0,Awake,,539,0,Awake
556,0,Awake,,540,0,Awake
557,0,Awake,,541,0,Awake
558,0,Awake,,542,0,Awake
559,0,Awake,,543,0,Awake
560,0,Awake,,544,0,Awake
561,0,Awake,,545,0,Awake
562,0,Awake,,546,0,Awake
563,0,Awake,,547,,
564,0,Awake,,548,0,Awake
565,0.001,Awake,,549,0,Awake
566,0,Awake,,550,0,Awake
567,0,Awake,,551,0,Awake
568,0,Awake,,552,0,Awake
569,0,Awake,,553,0,Awake
570,0,Awake,,554,0,Awake
571,0,Awake,,555,0,Awake
572,0,Awake,,556,0,Awake
573,0,Awake,,557,0,Awake
574,0,Awake,,558,0,Awake
575,0,Awake,,559,0,Awake
576,0,Awake,,560,0,Awake
577,0,Awake,,561,0,Awake
578,0,Awake,,562,0,Awake
579,0,Awake,,563,0,Awake
580,0,Awake,,564,0,Awake
582,0,Awake,,565,0.001,Awake
583,0,Awake,,566,0,Awake
584,0,Awake,,567,0,Awake
585,0,Awake,,568,0,Awake
586,0,Awake,,569,0,Awake
587,0,Awake,,570,0,Awake
588,0,Awake,,571,0,Awake
589,0,Awake,,572,0,Awake
590,0,Awake,,573,0,Awake
591,0,Awake,,574,0,Awake
592,0,Awake,,575,0,Awake
593,0,Awake,,576,0,Awake
594,0,Awake,,577,0,Awake
595,0,Awake,,578,0,Awake
596,0,Awake,,579,0,Awake
597,0,Awake,,580,0,Awake
598,0,Awake,,581,,
599,0,Awake,,582,0,Awake
600,0,Awake,,583,0,Awake
601,0,Awake,,584,0,Awake
602,0,Awake,,585,0,Awake
603,0,Awake,,586,0,Awake
604,0,Awake,,587,0,Awake
605,0,Awake,,588,0,Awake
606,0,Awake,,589,0,Awake
607,0,Awake,,590,0,Awake
608,0,Awake,,591,0,Awake
609,0,Awake,,592,0,Awake
610,0,Awake,,593,0,Awake
611,0,Awake,,594,0,Awake
612,0,Awake,,595,0,Awake
613,0,Awake,,596,0,Awake
614,0,Awake,,597,0,Awake
615,0,Awake,,598,0,Awake
616,0,Awake,,599,0,Awake
618,0,Awake,,600,0,Awake
619,0,Awake,,601,0,Awake
620,0,Awake,,602,0,Awake
621,0,Awake,,603,0,Awake
622,0,Awake,,604,0,Awake
623,0,Awake,,605,0,Awake
624,0,Awake,,606,0,Awake
625,0,Awake,,607,0,Awake
626,0,Awake,,608,0,Awake
627,0,Awake,,609,0,Awake
628,0,Awake,,610,0,Awake
629,0,Awake,,611,0,Awake
630,0,Awake,,612,0,Awake
631,0,Awake,,613,0,Awake
632,0,Awake,,614,0,Awake
633,0,Awake,,615,0,Awake
634,0,Awake,,616,0,Awake
635,0,Awake,,617,,
636,0,Awake,,618,0,Awake
637,0,Awake,,619,0,Awake
638,0,Awake,,620,0,Awake
639,0,Awake,,621,0,Awake
640,0,Awake,,622,0,Awake
641,0,Awake,,623,0,Awake
642,0,Awake,,624,0,Awake
643,0,Awake,,625,0,Awake
644,0,Awake,,626,0,Awake
645,0,Awake,,627,0,Awake
646,0,Awake,,628,0,Awake
647,0,Awake,,629,0,Awake
648,0,Awake,,630,0,Awake
649,0,Awake,,631,0,Awake
650,0,Awake,,632,0,Awake
651,0,Awake,,633,0,Awake
653,0,Awake,,634,0,Awake
654,0,Awake,,635,0,Awake
655,0,Awake,,636,0,Awake
656,0,Awake,,637,0,Awake
657,0,Awake,,638,0,Awake
658,0,Awake,,639,0,Awake
659,0,Awake,,640,0,Awake
660,0,Awake,,641,0,Awake
661,0,Awake,,642,0,Awake
662,0,Awake,,643,0,Awake
663,0,Awake,,644,0,Awake
664,0,Awake,,645,0,Awake
665,0,Awake,,646,0,Awake
666,0,Awake,,647,0,Awake
667,0,Awake,,648,0,Awake
668,0,Awake,,649,0,Awake
669,0,Awake,,650,0,Awake
670,0,Awake,,651,0,Awake
671,0,Awake,,652,,
672,0,Awake,,653,0,Awake
673,0,Awake,,654,0,Awake
674,0,Awake,,655,0,Awake
675,0,Awake,,656,0,Awake
676,0,Awake,,657,0,Awake
677,0,Awake,,658,0,Awake
678,0,Awake,,659,0,Awake
679,0,Awake,,660,0,Awake
680,0,Awake,,661,0,Awake
681,0,Awake,,662,0,Awake
682,0,Awake,,663,0,Awake
683,0,Awake,,664,0,Awake
684,0,Awake,,665,0,Awake
685,0,Awake,,666,0,Awake
686,0,Awake,,667,0,Awake
688,0,Awake,,668,0,Awake
689,0.001,Awake,,669,0,Awake
690,0,Awake,,670,0,Awake
691,0,Awake,,671,0,Awake
692,0,Awake,,672,0,Awake
693,0,Awake,,673,0,Awake
694,0.001,Awake,,674,0,Awake
695,0,Awake,,675,0,Awake
696,0,Awake,,676,0,Awake
697,0,Awake,,677,0,Awake
698,0,Awake,,678,0,Awake
699,0,Awake,,679,0,Awake
700,0,Awake,,680,0,Awake
701,0,Awake,,681,0,Awake
702,0,Awake,,682,0,Awake
703,0,Awake,,683,0,Awake
704,0,Awake,,684,0,Awake
705,0,Awake,,685,0,Awake
706,0,Awake,,686,0,Awake
707,0,Awake,,687,,
708,0,Awake,,688,0,Awake
709,0,Awake,,689,0.001,Awake
710,0,Awake,,690,0,Awake
711,0,Awake,,691,0,Awake
712,0,Awake,,692,0,Awake
713,0,Awake,,693,0,Awake
714,0,Awake,,694,0.001,Awake
715,0,Awake,,695,0,Awake
716,0,Awake,,696,0,Awake
717,0,Awake,,697,0,Awake
718,0,Awake,,698,0,Awake
719,0,Awake,,699,0,Awake
720,0,Awake,,700,0,Awake
721,0,Awake,,701,0,Awake
723,0.001,Awake,,702,0,Awake
724,0,Awake,,703,0,Awake
725,0,Awake,,704,0,Awake
726,0,Awake,,705,0,Awake
727,0,Awake,,706,0,Awake
728,0,Awake,,707,0,Awake
729,0,Awake,,708,0,Awake
730,0,Awake,,709,0,Awake
731,0,Awake,,710,0,Awake
732,0,Awake,,711,0,Awake
733,0,Awake,,712,0,Awake
734,0,Awake,,713,0,Awake
735,0,Awake,,714,0,Awake
736,0,Awake,,715,0,Awake
737,0,Awake,,716,0,Awake
738,0,Awake,,717,0,Awake
739,0.001,Awake,,718,0,Awake
740,0,Awake,,719,0,Awake
741,0,Awake,,720,0,Awake
742,0,Awake,,721,0,Awake
743,0,Awake,,722,,
744,0,Awake,,723,0.001,Awake
745,0,Awake,,724,0,Awake
746,0,Awake,,725,0,Awake
747,0,Awake,,726,0,Awake
748,0.001,Awake,,727,0,Awake
749,0,Awake,,728,0,Awake
750,0,Awake,,729,0,Awake
751,0,Awake,,730,0,Awake
752,0,Awake,,731,0,Awake
753,0,Awake,,732,0,Awake
754,0,Awake,,733,0,Awake
756,0,Awake,,734,0,Awake
757,0,Awake,,735,0,Awake
758,0,Awake,,736,0,Awake
759,0,Awake,,737,0,Awake
760,0,Awake,,738,0,Awake
761,0,Awake,,739,0.001,Awake
762,0,Awake,,740,0,Awake
763,0,Awake,,741,0,Awake
764,0,Awake,,742,0,Awake
765,0,Awake,,743,0,Awake
766,0,Awake,,744,0,Awake
767,0,Awake,,745,0,Awake
768,0,Awake,,746,0,Awake
769,0,Awake,,747,0,Awake
770,0,Awake,,748,0.001,Awake
771,0,Awake,,749,0,Awake
772,0,Awake,,750,0,Awake
773,0,Awake,,751,0,Awake
774,0,Awake,,752,0,Awake
775,0.001,Awake,,753,0,Awake
776,0,Awake,,754,0,Awake
777,0,Awake,,755,,
778,0,Awake,,756,0,Awake
779,0,Awake,,757,0,Awake
780,0,Awake,,758,0,Awake
781,0.001,Awake,,759,0,Awake
782,0.001,Awake,,760,0,Awake
784,0,Awake,,761,0,Awake
785,0,Awake,,762,0,Awake
786,0,Awake,,763,0,Awake
787,0,Awake,,764,0,Awake
788,0,Awake,,765,0,Awake
789,0,Awake,,766,0,Awake
790,0,Awake,,767,0,Awake
791,0,Awake,,768,0,Awake
792,0,Awake,,769,0,Awake
793,0,Awake,,770,0,Awake
794,0,Awake,,771,0,Awake
795,0,Awake,,772,0,Awake
796,0,Awake,,773,0,Awake
797,0,Awake,,774,0,Awake
798,0,Awake,,775,0.001,Awake
799,0,Awake,,776,0,Awake
800,0,Awake,,777,0,Awake
801,0,Awake,,778,0,Awake
802,0,Awake,,779,0,Awake
803,0,Awake,,780,0,Awake
804,0,Awake,,781,0.001,Awake
805,0,Awake,,782,0.001,Awake
806,0,Awake,,783,,
807,0,Awake,,784,0,Awake
808,0,Awake,,785,0,Awake
809,0,Awake,,786,0,Awake
810,0,Awake,,787,0,Awake
811,0,Awake,,788,0,Awake
812,0,Awake,,789,0,Awake
813,0,Awake,,790,0,Awake
814,0,Awake,,791,0,Awake
815,0,Awake,,792,0,Awake
816,0,Awake,,793,0,Awake
817,0,Awake,,794,0,Awake
819,0,Awake,,795,0,Awake
820,0,Awake,,796,0,Awake
821,0,Awake,,797,0,Awake
822,0,Awake,,798,0,Awake
823,0,Awake,,799,0,Awake
824,0,Awake,,800,0,Awake
825,0,Awake,,801,0,Awake
826,0,Awake,,802,0,Awake
827,0,Awake,,803,0,Awake
828,0,Awake,,804,0,Awake
829,0.001,Awake,,805,0,Awake
830,0,Awake,,806,0,Awake
831,0,Awake,,807,0,Awake
832,0,Awake,,808,0,Awake
833,0,Awake,,809,0,Awake
834,0,Awake,,810,0,Awake
835,0,Awake,,811,0,Awake
836,0,Awake,,812,0,Awake
837,0,Awake,,813,0,Awake
838,0,Awake,,814,0,Awake
839,0,Awake,,815,0,Awake
840,0,Awake,,816,0,Awake
841,0,Awake,,817,0,Awake
842,0,Awake,,818,,
843,0,Awake,,819,0,Awake
844,0,Awake,,820,0,Awake
845,0,Awake,,821,0,Awake
846,0,Awake,,822,0,Awake
847,0,Awake,,823,0,Awake
848,0,Awake,,824,0,Awake
850,0,Awake,,825,0,Awake
851,0,Awake,,826,0,Awake
852,0,Awake,,827,0,Awake
853,0,Awake,,828,0,Awake
854,0,Awake,,829,0.001,Awake
855,0,Awake,,830,0,Awake
856,0,Awake,,831,0,Awake
857,0,Awake,,832,0,Awake
858,0,Awake,,833,0,Awake
859,0,Awake,,834,0,Awake
860,0,Awake,,835,0,Awake
861,0,Awake,,836,0,Awake
862,0,Awake,,837,0,Awake
863,0,Awake,,838,0,Awake
864,0,Awake,,839,0,Awake
865,0,Awake,,840,0,Awake
866,0,Awake,,841,0,Awake
867,0,Awake,,842,0,Awake
868,0,Awake,,843,0,Awake
869,0,Awake,,844,0,Awake
870,0,Awake,,845,0,Awake
871,0,Awake,,846,0,Awake
872,0,Awake,,847,0,Awake
873,0,Awake,,848,0,Awake
874,0,Awake,,849,,
875,0,Awake,,850,0,Awake
876,0,Awake,,851,0,Awake
877,0,Awake,,852,0,Awake
878,0,Awake,,853,0,Awake
879,0,Awake,,854,0,Awake
880,0,Awake,,855,0,Awake
881,0,Awake,,856,0,Awake
882,0,Awake,,857,0,Awake
883,0,Awake,,858,0,Awake
884,0,Awake,,859,0,Awake
885,0,Awake,,860,0,Awake
886,0,Awake,,861,0,Awake
887,0,Awake,,862,0,Awake
889,0,Awake,,863,0,Awake
890,0,Awake,,864,0,Awake
891,0,Awake,,865,0,Awake
892,0,Awake,,866,0,Awake
893,0,Awake,,867,0,Awake
894,0,Awake,,868,0,Awake
895,0,Awake,,869,0,Awake
896,0,Awake,,870,0,Awake
897,0,Awake,,871,0,Awake
898,0,Awake,,872,0,Awake
899,0,Awake,,873,0,Awake
900,0,Awake,,874,0,Awake
901,0,Awake,,875,0,Awake
902,0,Awake,,876,0,Awake
903,0,Awake,,877,0,Awake
904,0,Awake,,878,0,Awake
905,0,Awake,,879,0,Awake
906,0,Awake,,880,0,Awake
907,0,Awake,,881,0,Awake
908,0,Awake,,882,0,Awake
909,0,Awake,,883,0,Awake
910,0,Awake,,884,0,Awake
911,0,Awake,,885,0,Awake
912,0,Awake,,886,0,Awake
913,0,Awake,,887,0,Awake
914,0,Awake,,888,,
915,0,Awake,,889,0,Awake
916,0,Awake,,890,0,Awake
917,0,Awake,,891,0,Awake
918,0,Awake,,892,0,Awake
919,0,Awake,,893,0,Awake
920,0,Awake,,894,0,Awake
921,0,Awake,,895,0,Awake
922,0,Awake,,896,0,Awake
923,0,Awake,,897,0,Awake
925,0,Awake,,898,0,Awake
926,0,Awake,,899,0,Awake
927,0,Awake,,900,0,Awake
928,0,Awake,,901,0,Awake
929,0,Awake,,902,0,Awake
930,0,Awake,,903,0,Awake
931,0,Awake,,904,0,Awake
932,0,Awake,,905,0,Awake
933,0,Awake,,906,0,Awake
934,0,Awake,,907,0,Awake
935,0,Awake,,908,0,Awake
936,0,Awake,,909,0,Awake
937,0,Awake,,910,0,Awake
938,0,Awake,,911,0,Awake
939,0,Awake,,912,0,Awake
940,0,Awake,,913,0,Awake
941,0,Awake,,914,0,Awake
942,0,Awake,,915,0,Awake
943,0,Awake,,916,0,Awake
944,0,Awake,,917,0,Awake
945,0,Awake,,918,0,Awake
946,0,Awake,,919,0,Awake
947,0,Awake,,920,0,Awake
948,0,Awake,,921,0,Awake
949,0,Awake,,922,0,Awake
950,0,Awake,,923,0,Awake
951,0,Awake,,924,,
952,0,Awake,,925,0,Awake
953,0,Awake,,926,0,Awake
954,0,Awake,,927,0,Awake
956,0,Awake,,928,0,Awake
957,0,Awake,,929,0,Awake
958,0,Awake,,930,0,Awake
959,0,Awake,,931,0,Awake
960,0,Awake,,932,0,Awake
961,0,Awake,,933,0,Awake
962,0,Awake,,934,0,Awake
963,0,Awake,,935,0,Awake
964,0,Awake,,936,0,Awake
965,0,Awake,,937,0,Awake
966,0,Awake,,938,0,Awake
967,0,Awake,,939,0,Awake
968,0,Awake,,940,0,Awake
969,0,Awake,,941,0,Awake
970,0,Awake,,942,0,Awake
971,0,Awake,,943,0,Awake
972,0,Awake,,944,0,Awake
973,0,Awake,,945,0,Awake
974,0,Awake,,946,0,Awake
975,0,Awake,,947,0,Awake
976,0,Awake,,948,0,Awake
977,0,Awake,,949,0,Awake
978,0,Awake,,950,0,Awake
979,0,Awake,,951,0,Awake
980,0,Awake,,952,0,Awake
981,0,Awake,,953,0,Awake
982,0,Awake,,954,0,Awake
983,0,Awake,,955,,
984,0,Awake,,956,0,Awake
985,0,Awake,,957,0,Awake
987,0,Awake,,958,0,Awake
988,0,Awake,,959,0,Awake
989,0,Awake,,960,0,Awake
990,0,Awake,,961,0,Awake
991,0,Awake,,962,0,Awake
992,0,Awake,,963,0,Awake
993,0,Awake,,964,0,Awake
994,0,Awake,,965,0,Awake
995,0,Awake,,966,0,Awake
996,0,Awake,,967,0,Awake
997,0,Awake,,968,0,Awake
998,0,Awake,,969,0,Awake
999,0,Awake,,970,0,Awake
1000,0,Awake,,971,0,Awake
1001,0,Awake,,972,0,Awake
1002,0,Awake,,973,0,Awake
1003,0,Awake,,974,0,Awake
1004,0,Awake,,975,0,Awake
1005,0,Awake,,976,0,Awake
1006,0,Awake,,977,0,Awake
1007,0,Awake,,978,0,Awake
1008,0,Awake,,979,0,Awake
1009,0,Awake,,980,0,Awake
1010,0,Awake,,981,0,Awake
1011,0,Awake,,982,0,Awake
1012,0,Awake,,983,0,Awake
1013,0,Awake,,984,0,Awake
1014,0,Awake,,985,0,Awake
1015,0,Awake,,986,,
1016,0,Awake,,987,0,Awake
1017,0,Awake,,988,0,Awake
1018,0,Awake,,989,0,Awake
1019,0,Awake,,990,0,Awake
1020,0,Awake,,991,0,Awake
1021,0,Awake,,992,0,Awake
1023,0,Awake,,993,0,Awake
1024,0,Awake,,994,0,Awake
1025,0,Awake,,995,0,Awake
1026,0,Awake,,996,0,Awake
1027,0,Awake,,997,0,Awake
1028,0,Awake,,998,0,Awake
1029,0,Awake,,999,0,Awake
1030,0,Awake,,1000,0,Awake
1031,0,Awake,,1001,0,Awake
1032,0,Awake,,1002,0,Awake
1033,0,Awake,,1003,0,Awake
1034,0,Awake,,1004,0,Awake
1035,0,Awake,,1005,0,Awake
1036,0,Awake,,1006,0,Awake
1037,0,Awake,,1007,0,Awake
1038,0,Awake,,1008,0,Awake
1039,0,Awake,,1009,0,Awake
1040,0,Awake,,1010,0,Awake
1041,0,Awake,,1011,0,Awake
1042,0,Awake,,1012,0,Awake
1043,0,Awake,,1013,0,Awake
1044,0,Awake,,1014,0,Awake
1045,0,Awake,,1015,0,Awake
1046,0,Awake,,1016,0,Awake
1047,0,Awake,,1017,0,Awake
1048,0,Awake,,1018,0,Awake
1049,0,Awake,,1019,0,Awake
1050,0,Awake,,1020,0,Awake
1051,0,Awake,,1021,0,Awake
1052,0,Awake,,1022,,
1054,0,Awake,,1023,0,Awake
1055,0,Awake,,1024,0,Awake
1056,0,Awake,,1025,0,Awake
1057,0,Awake,,1026,0,Awake
1058,0,Awake,,1027,0,Awake
1059,0,Awake,,1028,0,Awake
1060,0,Awake,,1029,0,Awake
1061,0,Awake,,1030,0,Awake
1062,0,Awake,,1031,0,Awake
1063,0,Awake,,1032,0,Awake
1064,0,Awake,,1033,0,Awake
1065,0,Awake,,1034,0,Awake
1066,0,Awake,,1035,0,Awake
1067,0,Awake,,1036,0,Awake
1068,0,Awake,,1037,0,Awake
1069,0,Awake,,1038,0,Awake
1070,0,Awake,,1039,0,Awake
1071,0,Awake,,1040,0,Awake
1072,0,Awake,,1041,0,Awake
1073,0,Awake,,1042,0,Awake
1074,0,Awake,,1043,0,Awake
1075,0,Awake,,1044,0,Awake
1076,0,Awake,,1045,0,Awake
1077,0,Awake,,1046,0,Awake
1078,0,Awake,,1047,0,Awake
1079,0,Awake,,1048,0,Awake
1080,0,Awake,,1049,0,Awake
1081,0.001,Awake,,1050,0,Awake
1083,0,Awake,,1051,0,Awake
1084,0,Awake,,1052,0,Awake
1085,0,Awake,,1053,,
1086,0,Awake,,1054,0,Awake
1087,0,Awake,,1055,0,Awake
1088,0,Awake,,1056,0,Awake
1089,0,Awake,,1057,0,Awake
1090,0,Awake,,1058,0,Awake
1091,0,Awake,,1059,0,Awake
1092,0,Awake,,1060,0,Awake
1093,0,Awake,,1061,0,Awake
1094,0,Awake,,1062,0,Awake
1095,0,Awake,,1063,0,Awake
1096,0,Awake,,1064,0,Awake
1097,0,Awake,,1065,0,Awake
1098,0,Awake,,1066,0,Awake
1099,0,Awake,,1067,0,Awake
1100,0,Awake,,1068,0,Awake
1101,0,Awake,,1069,0,Awake
1102,0,Awake,,1070,0,Awake
1103,0,Awake,,1071,0,Awake
1104,0,Awake,,1072,0,Awake
1105,0,Awake,,1073,0,Awake
1106,0,Awake,,1074,0,Awake
1107,0,Awake,,1075,0,Awake
1108,0,Awake,,1076,0,Awake
1109,0,Awake,,1077,0,Awake
1110,0,Awake,,1078,0,Awake
1111,0,Awake,,1079,0,Awake
1112,0,Awake,,1080,0,Awake
1113,0,Awake,,1081,0.001,Awake
1114,0,Awake,,1082,,
1115,0,Awake,,1083,0,Awake
1116,0,Awake,,1084,0,Awake
1118,0,Awake,,1085,0,Awake
1119,0,Awake,,1086,0,Awake
1120,0,Awake,,1087,0,Awake
1121,0,Awake,,1088,0,Awake
1122,0,Awake,,1089,0,Awake
1123,0,Awake,,1090,0,Awake
1124,0,Awake,,1091,0,Awake
1125,0,Awake,,1092,0,Awake
1126,0,Awake,,1093,0,Awake
1127,0,Awake,,1094,0,Awake
1128,0,Awake,,1095,0,Awake
1129,0,Awake,,1096,0,Awake
1130,0,Awake,,1097,0,Awake
1131,0,Awake,,1098,0,Awake
1132,0.001,Awake,,1099,0,Awake
1133,0,Awake,,1100,0,Awake
1134,0,Awake,,1101,0,Awake
1135,0,Awake,,1102,0,Awake
1136,0,Awake,,1103,0,Awake
1137,0,Awake,,1104,0,Awake
1138,0,Awake,,1105,0,Awake
1139,0.001,Awake,,1106,0,Awake
1140,0,Awake,,1107,0,Awake
1141,0,Awake,,1108,0,Awake
1142,0,Awake,,1109,0,Awake
1143,0,Awake,,1110,0,Awake
1144,0,Awake,,1111,0,Awake
1145,0,Awake,,1112,0,Awake
1146,0,Awake,,1113,0,Awake
1147,0,Awake,,1114,0,Awake
1148,0,Awake,,1115,0,Awake
1149,0,Awake,,1116,0,Awake
1150,0,Awake,,1117,,
1151,0,Awake,,1118,0,Awake
1152,0,Awake,,1119,0,Awake
1153,0,Awake,,1120,0,Awake
1154,0,Awake,,1121,0,Awake
1155,0,Awake,,1122,0,Awake
1156,0,Awake,,1123,0,Awake
1157,0,Awake,,1124,0,Awake
1159,0,Awake,,1125,0,Awake
1160,0,Awake,,1126,0,Awake
1161,0,Awake,,1127,0,Awake
1162,0,Awake,,1128,0,Awake
1163,0,Awake,,1129,0,Awake
1164,0,Awake,,1130,0,Awake
1165,0,Awake,,1131,0,Awake
1166,0,Awake,,1132,0.001,Awake
1167,0,Awake,,1133,0,Awake
1168,0,Awake,,1134,0,Awake
1169,0,Awake,,1135,0,Awake
1170,0,Awake,,1136,0,Awake
1171,0,Awake,,1137,0,Awake
1172,0,Awake,,1138,0,Awake
1173,0,Awake,,1139,0.001,Awake
1174,0,Awake,,1140,0,Awake
1175,0,Awake,,1141,0,Awake
1176,0,Awake,,1142,0,Awake
1177,0,Awake,,1143,0,Awake
1178,0,Awake,,1144,0,Awake
1179,0,Awake,,1145,0,Awake
1180,0,Awake,,1146,0,Awake
1181,0,Awake,,1147,0,Awake
1182,0,Awake,,1148,0,Awake
1183,0,Awake,,1149,0,Awake
1184,0,Awake,,1150,0,Awake
1185,0,Awake,,1151,0,Awake
1186,0,Awake,,1152,0,Awake
1187,0,Awake,,1153,0,Awake
1188,0,Awake,,1154,0,Awake
1189,0,Awake,,1155,0,Awake
1190,0,Awake,,1156,0,Awake
1191,0,Awake,,1157,0,Awake
1192,0,Awake,,1158,,
1193,0,Awake,,1159,0,Awake
1194,0,Awake,,1160,0,Awake
1195,0,Awake,,1161,0,Awake
1196,0,Awake,,1162,0,Awake
1198,0,Awake,,1163,0,Awake
1199,0,Awake,,1164,0,Awake
1200,0,Awake,,1165,0,Awake
1201,0,Awake,,1166,0,Awake
1202,0,Awake,,1167,0,Awake
1203,0,Awake,,1168,0,Awake
1204,0,Awake,,1169,0,Awake
1205,0,Awake,,1170,0,Awake
1206,0,Awake,,1171,0,Awake
1207,0,Awake,,1172,0,Awake
1208,0,Awake,,1173,0,Awake
1209,0,Awake,,1174,0,Awake
1210,0,Awake,,1175,0,Awake
1211,0,Awake,,1176,0,Awake
1212,0,Awake,,1177,0,Awake
1213,0,Awake,,1178,0,Awake
1214,0,Awake,,1179,0,Awake
1215,0,Awake,,1180,0,Awake
1216,0,Awake,,1181,0,Awake
1217,0,Awake,,1182,0,Awake
1218,0,Awake,,1183,0,Awake
1219,0,Awake,,1184,0,Awake
1220,0,Awake,,1185,0,Awake
1221,0,Awake,,1186,0,Awake
1222,0,Awake,,1187,0,Awake
1223,0,Awake,,1188,0,Awake
1224,0,Awake,,1189,0,Awake
1225,0,Awake,,1190,0,Awake
1226,0,Awake,,1191,0,Awake
1227,0,Awake,,1192,0,Awake
1229,0,Awake,,1193,0,Awake
1230,0,Awake,,1194,0,Awake
1231,0,Awake,,1195,0,Awake
1232,0,Awake,,1196,0,Awake
1233,0,Awake,,1197,,
1234,0,Awake,,1198,0,Awake
1235,0,Awake,,1199,0,Awake
1236,0,Awake,,1200,0,Awake
1237,0,Awake,,1201,0,Awake
1238,0,Awake,,1202,0,Awake
1239,0,Awake,,1203,0,Awake
1240,0,Awake,,1204,0,Awake
1241,0,Awake,,1205,0,Awake
1242,0,Awake,,1206,0,Awake
1243,0,Awake,,1207,0,Awake
1244,0,Awake,,1208,0,Awake
1245,0,Awake,,1209,0,Awake
1246,0,Awake,,1210,0,Awake
1247,0,Awake,,1211,0,Awake
1248,0,Awake,,1212,0,Awake
1249,0,Awake,,1213,0,Awake
1250,0,Awake,,1214,0,Awake
1251,0,Awake,,1215,0,Awake
1252,0,Awake,,1216,0,Awake
1253,0,Awake,,1217,0,Awake
1254,0,Awake,,1218,0,Awake
1255,0,Awake,,1219,0,Awake
1256,0,Awake,,1220,0,Awake
1257,0,Awake,,1221,0,Awake
1259,0,Awake,,1222,0,Awake
1260,0,Awake,,1223,0,Awake
1261,0,Awake,,1224,0,Awake
1262,0,Awake,,1225,0,Awake
1263,0,Awake,,1226,0,Awake
1264,0,Awake,,1227,0,Awake
1265,0,Awake,,1228,,
1266,0,Awake,,1229,0,Awake
1267,0,Awake,,1230,0,Awake
1268,0,Awake,,1231,0,Awake
1269,0,Awake,,1232,0,Awake
1270,0,Awake,,1233,0,Awake
1271,0,Awake,,1234,0,Awake
1272,0,Awake,,1235,0,Awake
1273,0,Awake,,1236,0,Awake
1274,0,Awake,,1237,0,Awake
1275,0,Awake,,1238,0,Awake
1276,0,Awake,,1239,0,Awake
1277,0,Awake,,1240,0,Awake
1278,0,Awake,,1241,0,Awake
1279,0,Awake,,1242,0,Awake
1280,0,Awake,,1243,0,Awake
1281,0,Awake,,1244,0,Awake
1282,0,Awake,,1245,0,Awake
1283,0,Awake,,1246,0,Awake
1284,0,Awake,,1247,0,Awake
1285,0,Awake,,1248,0,Awake
1286,0,Awake,,1249,0,Awake
1287,0,Awake,,1250,0,Awake
1288,0,Awake,,1251,0,Awake
1289,0,Awake,,1252,0,Awake
1290,0,Awake,,1253,0,Awake
1291,0,Awake,,1254,0,Awake
1292,0,Awake,,1255,0,Awake
1293,0,Awake,,1256,0,Awake
1294,0,Awake,,1257,0,Awake
1295,0,Awake,,1258,,
1296,0,Awake,,1259,0,Awake
1297,0,Awake,,1260,0,Awake
1298,0,Awake,,1261,0,Awake
1299,0,Awake,,1262,0,Awake
1301,0,Awake,,1263,0,Awake
1302,0,Awake,,1264,0,Awake
1303,0,Awake,,1265,0,Awake
1304,0,Awake,,1266,0,Awake
1305,0,Awake,,1267,0,Awake
1306,0,Awake,,1268,0,Awake
1307,0,Awake,,1269,0,Awake
1308,0,Awake,,1270,0,Awake
1309,0,Awake,,1271,0,Awake
1310,0,Awake,,1272,0,Awake
1311,0,Awake,,1273,0,Awake
1312,0,Awake,,1274,0,Awake
1313,0,Awake,,1275,0,Awake
1314,0,Awake,,1276,0,Awake
1315,0,Awake,,1277,0,Awake
1316,0,Awake,,1278,0,Awake
1317,0,Awake,,1279,0,Awake
1318,0,Awake,,1280,0,Awake
1319,0,Awake,,1281,0,Awake
1320,0,Awake,,1282,0,Awake
1321,0,Awake,,1283,0,Awake
1322,0,Awake,,1284,0,Awake
1323,0,Awake,,1285,0,Awake
1324,0,Awake,,1286,0,Awake
1325,0,Awake,,1287,0,Awake
1326,0,Awake,,1288,0,Awake
1327,0,Awake,,1289,0,Awake
1328,0,Awake,,1290,0,Awake
1329,0,Awake,,1291,0,Awake
1330,0,Awake,,1292,0,Awake
1331,0,Awake,,1293,0,Awake
1332,0,Awake,,1294,0,Awake
1333,0,Awake,,1295,0,Awake
1334,0,Awake,,1296,0,Awake
1335,0,Awake,,1297,0,Awake
1336,0,Awake,,1298,0,Awake
1337,0,Awake,,1299,0,Awake
1338,0,Awake,,1300,,
1339,0,Awake,,1301,0,Awake
1341,0,Awake,,1302,0,Awake
1342,0,Awake,,1303,0,Awake
1343,0,Awake,,1304,0,Awake
1344,0,Awake,,1305,0,Awake
1345,0,Awake,,1306,0,Awake
1346,0,Awake,,1307,0,Awake
1347,0,Awake,,1308,0,Awake
1348,0,Awake,,1309,0,Awake
1349,0,Awake,,1310,0,Awake
1350,0,Awake,,1311,0,Awake
1351,0,Awake,,1312,0,Awake
1352,0,Awake,,1313,0,Awake
1353,0,Awake,,1314,0,Awake
1354,0,Awake,,1315,0,Awake
1355,0,Awake,,1316,0,Awake
1356,0,Awake,,1317,0,Awake
1357,0,Awake,,1318,0,Awake
1358,0,Awake,,1319,0,Awake
1359,0,Awake,,1320,0,Awake
1360,0,Awake,,1321,0,Awake
1361,0,Awake,,1322,0,Awake
1362,0,Awake,,1323,0,Awake
1363,0,Awake,,1324,0,Awake
1364,0,Awake,,1325,0,Awake
1365,0,Awake,,1326,0,Awake
1366,0,Awake,,1327,0,Awake
1367,0,Awake,,1328,0,Awake
1368,0,Awake,,1329,0,Awake
1369,0,Awake,,1330,0,Awake
1370,0,Awake,,1331,0,Awake
1371,0,Awake,,1332,0,Awake
1372,0,Awake,,1333,0,Awake
1374,0,Awake,,1334,0,Awake
1375,0,Awake,,1335,0,Awake
1376,0,Awake,,1336,0,Awake
1377,0,Awake,,1337,0,Awake
1378,0,Awake,,1338,0,Awake
1379,0,Awake,,1339,0,Awake
1380,0,Awake,,1340,,
1381,0,Awake,,1341,0,Awake
1382,0,Awake,,1342,0,Awake
1383,0,Awake,,1343,0,Awake
1384,0,Awake,,1344,0,Awake
1385,0,Awake,,1345,0,Awake
1386,0,Awake,,1346,0,Awake
1387,0,Awake,,1347,0,Awake
1388,0.001,Awake,,1348,0,Awake
1389,0,Awake,,1349,0,Awake
1390,0,Awake,,1350,0,Awake
1391,0,Awake,,1351,0,Awake
1392,0,Awake,,1352,0,Awake
1393,0,Awake,,1353,0,Awake
1394,0,Awake,,1354,0,Awake
1395,0,Awake,,1355,0,Awake
1396,0,Awake,,1356,0,Awake
1397,0,Awake,,1357,0,Awake
1398,0,Awake,,1358,0,Awake
1399,0,Awake,,1359,0,Awake
1400,0,Awake,,1360,0,Awake
1401,0,Awake,,1361,0,Awake
1402,0,Awake,,1362,0,Awake
1403,0,Awake,,1363,0,Awake
1404,0,Awake,,1364,0,Awake
1406,0,Awake,,1365,0,Awake
1407,0,Awake,,1366,0,Awake
1408,0,Awake,,1367,0,Awake
1409,0,Awake,,1368,0,Awake
1410,0,Awake,,1369,0,Awake
1411,0,Awake,,1370,0,Awake
1412,0,Awake,,1371,0,Awake
1413,0,Awake,,1372,0,Awake
1414,0,Awake,,1373,,
1415,0,Awake,,1374,0,Awake
1416,0,Awake,,1375,0,Awake
1417,0,Awake,,1376,0,Awake
1418,0,Awake,,1377,0,Awake
1419,0,Awake,,1378,0,Awake
1420,0,Awake,,1379,0,Awake
1421,0,Awake,,1380,0,Awake
1422,0,Awake,,1381,0,Awake
1423,0,Awake,,1382,0,Awake
1424,0,Awake,,1383,0,Awake
1425,0,Awake,,1384,0,Awake
1426,0,Awake,,1385,0,Awake
1427,0,Awake,,1386,0,Awake
1428,0.001,Awake,,1387,0,Awake
1429,0,Awake,,1388,0.001,Awake
1430,0,Awake,,1389,0,Awake
1431,0,Awake,,1390,0,Awake
1432,0,Awake,,1391,0,Awake
1433,0,Awake,,1392,0,Awake
1434,0,Awake,,1393,0,Awake
1435,0,Awake,,1394,0,Awake
1436,0,Awake,,1395,0,Awake
1437,0,Awake,,1396,0,Awake
1438,0,Awake,,1397,0,Awake
1440,0,Awake,,1398,0,Awake
1441,0,Awake,,1399,0,Awake
1442,0,Awake,,1400,0,Awake
1443,0,Awake,,1401,0,Awake
1444,0,Awake,,1402,0,Awake
1445,0,Awake,,1403,0,Awake
1446,0,Awake,,1404,0,Awake
1447,0,Awake,,1405,,
1448,0,Awake,,1406,0,Awake
1449,0,Awake,,1407,0,Awake
1450,0,Awake,,1408,0,Awake
1451,0,Awake,,1409,0,Awake
1452,0,Awake,,1410,0,Awake
1453,0,Awake,,1411,0,Awake
1454,0,Awake,,1412,0,Awake
1455,0,Awake,,1413,0,Awake
1456,0,Awake,,1414,0,Awake
1457,0,Awake,,1415,0,Awake
1458,0,Awake,,1416,0,Awake
1459,0,Awake,,1417,0,Awake
1460,0,Awake,,1418,0,Awake
1461,0,Awake,,1419,0,Awake
1462,0,Awake,,1420,0,Awake
1463,0,Awake,,1421,0,Awake
1464,0,Awake,,1422,0,Awake
1465,0,Awake,,1423,0,Awake
1466,0,Awake,,1424,0,Awake
1467,0,Awake,,1425,0,Awake
1468,0.001,Awake,,1426,0,Awake
1469,0,Awake,,1427,0,Awake
1471,0,Awake,,1428,0.001,Awake
1472,0,Awake,,1429,0,Awake
1473,0,Awake,,1430,0,Awake
1474,0,Awake,,1431,0,Awake
1475,0,Awake,,1432,0,Awake
1476,0,Awake,,1433,0,Awake
1477,0,Awake,,1434,0,Awake
1478,0,Awake,,1435,0,Awake
1479,0,Awake,,1436,0,Awake
1480,0,Awake,,1437,0,Awake
1481,0,Awake,,1438,0,Awake
1482,0,Awake,,1439,,
1483,0,Awake,,1440,0,Awake
1484,0,Awake,,1441,0,Awake
1485,0,Awake,,1442,0,Awake
1486,0,Awake,,1443,0,Awake
1487,0,Awake,,1444,0,Awake
1488,0,Awake,,1445,0,Awake
1489,0,Awake,,1446,0,Awake
1490,0,Awake,,1447,0,Awake
1491,0,Awake,,1448,0,Awake
1492,0,Awake,,1449,0,Awake
1493,0,Awake,,1450,0,Awake
1494,0,Awake,,1451,0,Awake
1495,0,Awake,,1452,0,Awake
1496,0,Awake,,1453,0,Awake
1497,0,Awake,,1454,0,Awake
1498,0,Awake,,1455,0,Awake
1499,0,Awake,,1456,0,Awake
1500,0,Awake,,1457,0,Awake
1502,0,Awake,,1458,0,Awake
1503,0,Awake,,1459,0,Awake
1504,0,Awake,,1460,0,Awake
1505,0,Awake,,1461,0,Awake
1506,0,Awake,,1462,0,Awake
1507,0,Awake,,1463,0,Awake
1508,0,Awake,,1464,0,Awake
1509,0,Awake,,1465,0,Awake
1510,0,Awake,,1466,0,Awake
1511,0,Awake,,1467,0,Awake
1512,0,Awake,,1468,0.001,Awake
1513,0,Awake,,1469,0,Awake
1514,0,Awake,,1470,,
1515,0,Awake,,1471,0,Awake
1516,0,Awake,,1472,0,Awake
1517,0,Awake,,1473,0,Awake
1518,0,Awake,,1474,0,Awake
1519,0,Awake,,1475,0,Awake
1520,0,Awake,,1476,0,Awake
1521,0,Awake,,1477,0,Awake
1522,0,Awake,,1478,0,Awake
1523,0.001,Awake,,1479,0,Awake
1524,0,Awake,,1480,0,Awake
1525,0,Awake,,1481,0,Awake
1526,0,Awake,,1482,0,Awake
1527,0,Awake,,1483,0,Awake
1528,0,Awake,,1484,0,Awake
1529,0,Awake,,1485,0,Awake
1530,0,Awake,,1486,0,Awake
1531,0,Awake,,1487,0,Awake
1532,0,Awake,,1488,0,Awake
1533,0,Awake,,1489,0,Awake
1534,0,Awake,,1490,0,Awake
1535,0,Awake,,1491,0,Awake
1537,0,Awake,,1492,0,Awake
1538,0.001,Awake,,1493,0,Awake
1539,0,Awake,,1494,0,Awake
1540,0,Awake,,1495,0,Awake
1541,0,Awake,,1496,0,Awake
1542,0,Awake,,1497,0,Awake
1543,0,Awake,,1498,0,Awake
1544,0,Awake,,1499,0,Awake
1545,0,Awake,,1500,0,Awake
1546,0,Awake,,1501,,
1547,0,Awake,,1502,0,Awake
1548,0,Awake,,1503,0,Awake
1549,0,Awake,,1504,0,Awake
1550,0,Awake,,1505,0,Awake
1551,0,Awake,,1506,0,Awake
1552,0,Awake,,1507,0,Awake
1553,0,Awake,,1508,0,Awake
1554,0,Awake,,1509,0,Awake
1555,0,Awake,,1510,0,Awake
1556,0,Awake,,1511,0,Awake
1557,0,Awake,,1512,0,Awake
1558,0,Awake,,1513,0,Awake
1559,0,Awake,,1514,0,Awake
1560,0,Awake,,1515,0,Awake
1561,0,Awake,,1516,0,Awake
1562,0.001,Awake,,1517,0,Awake
1563,0,Awake,,1518,0,Awake
1564,0,Awake,,1519,0,Awake
1565,0,Awake,,1520,0,Awake
1566,0,Awake,,1521,0,Awake
1567,0,Awake,,1522,0,Awake
1568,0,Awake,,1523,0.001,Awake
1569,0,Awake,,1524,0,Awake
1570,0,Awake,,1525,0,Awake
1571,0.001,Awake,,1526,0,Awake
1572,0,Awake,,1527,0,Awake
1574,0,Awake,,1528,0,Awake
1575,0,Awake,,1529,0,Awake
1576,0,Awake,,1530,0,Awake
1577,0,Awake,,1531,0,Awake
1578,0,Awake,,1532,0,Awake
1579,0,Awake,,1533,0,Awake
1580,0,Awake,,1534,0,Awake
1581,0,Awake,,1535,0,Awake
1582,0,Awake,,1536,,
1583,0,Awake,,1537,0,Awake
1584,0,Awake,,1538,0.001,Awake
1585,0,Awake,,1539,0,Awake
1586,0,Awake,,1540,0,Awake
1587,0,Awake,,1541,0,Awake
1588,0,Awake,,1542,0,Awake
1589,0,Awake,,1543,0,Awake
1590,0.001,Awake,,1544,0,Awake
1591,0.001,Awake,,1545,0,Awake
1592,0,Awake,,1546,0,Awake
1593,0,Awake,,1547,0,Awake
1594,0,Awake,,1548,0,Awake
1595,0,Awake,,1549,0,Awake
1596,0,Awake,,1550,0,Awake
1597,0,Awake,,1551,0,Awake
1598,0,Awake,,1552,0,Awake
1599,0,Awake,,1553,0,Awake
1600,0,Awake,,1554,0,Awake
1601,0,Awake,,1555,0,Awake
1602,0,Awake,,1556,0,Awake
1603,0,Awake,,1557,0,Awake
1604,0,Awake,,1558,0,Awake
1605,0,Awake,,1559,0,Awake
1606,0,Awake,,1560,0,Awake
1608,0,Awake,,1561,0,Awake
1609,0,Awake,,1562,0.001,Awake
1610,0.002,Awake,,1563,0,Awake
1611,0,Awake,,1564,0,Awake
1612,0,Awake,,1565,0,Awake
1613,0,Awake,,1566,0,Awake
1614,0,Awake,,1567,0,Awake
1615,0,Awake,,1568,0,Awake
1616,0,Awake,,1569,0,Awake
1617,0,Awake,,1570,0,Awake
1618,0,Awake,,1571,0.001,Awake
1619,0,Awake,,1572,0,Awake
1620,0,Awake,,1573,,
1621,0,Awake,,1574,0,Awake
1622,0,Awake,,1575,0,Awake
1623,0,Awake,,1576,0,Awake
1624,0,Awake,,1577,0,Awake
1625,0,Awake,,1578,0,Awake
1626,0,Awake,,1579,0,Awake
1627,0,Awake,,1580,0,Awake
1628,0,Awake,,1581,0,Awake
1629,0,Awake,,1582,0,Awake
1630,0,Awake,,1583,0,Awake
1631,0,Awake,,1584,0,Awake
1632,0,Awake,,1585,0,Awake
1633,0,Awake,,1586,0,Awake
1634,0,Awake,,1587,0,Awake
1635,0,Awake,,1588,0,Awake
1636,0,Awake,,1589,0,Awake
1637,0,Awake,,1590,0.001,Awake
1638,0,Awake,,1591,0.001,Awake
1639,0,Awake,,1592,0,Awake
1641,0,Awake,,1593,0,Awake
1642,0.001,Awake,,1594,0,Awake
1643,0,Awake,,1595,0,Awake
1644,0,Awake,,1596,0,Awake
1645,0,Awake,,1597,0,Awake
1646,0,Awake,,1598,0,Awake
1647,0,Awake,,1599,0,Awake
1648,0,Awake,,1600,0,Awake
1649,0,Awake,,1601,0,Awake
1650,0,Awake,,1602,0,Awake
1651,0,Awake,,1603,0,Awake
1652,0,Awake,,1604,0,Awake
1653,0,Awake,,1605,0,Awake
1654,0,Awake,,1606,0,Awake
1655,0,Awake,,1607,,
1656,0,Awake,,1608,0,Awake
1657,0,Awake,,1609,0,Awake
1658,0,Awake,,1610,0.002,Awake
1659,0,Awake,,1611,0,Awake
1660,0,Awake,,1612,0,Awake
1661,0,Awake,,1613,0,Awake
1662,0,Awake,,1614,0,Awake
1663,0,Awake,,1615,0,Awake
1664,0,Awake,,1616,0,Awake
1665,0,Awake,,1617,0,Awake
1666,0,Awake,,1618,0,Awake
1667,0,Awake,,1619,0,Awake
1668,0,Awake,,1620,0,Awake
1669,0,Awake,,1621,0,Awake
1670,0,Awake,,1622,0,Awake
1671,0,Awake,,1623,0,Awake
1672,0,Awake,,1624,0,Awake
1674,0,Awake,,1625,0,Awake
1675,0,Awake,,1626,0,Awake
1676,0,Awake,,1627,0,Awake
1677,0,Awake,,1628,0,Awake
1678,0,Awake,,1629,0,Awake
1679,0,Awake,,1630,0,Awake
1680,0,Awake,,1631,0,Awake
1681,0,Awake,,1632,0,Awake
1682,0,Awake,,1633,0,Awake
1683,0,Awake,,1634,0,Awake
1684,0,Awake,,1635,0,Awake
1685,0,Awake,,1636,0,Awake
1686,0,Awake,,1637,0,Awake
1687,0,Awake,,1638,0,Awake
1688,0,Awake,,1639,0,Awake
1689,0,Awake,,1640,,
1690,0,Awake,,1641,0,Awake
1691,0,Awake,,1642,0.001,Awake
1692,0,Awake,,1643,0,Awake
1693,0,Awake,,1644,0,Awake
1694,0,Awake,,1645,0,Awake
1695,0,Awake,,1646,0,Awake
1696,0,Awake,,1647,0,Awake
1697,0,Awake,,1648,0,Awake
1698,0,Awake,,1649,0,Awake
1699,0,Awake,,1650,0,Awake
1700,0,Awake,,1651,0,Awake
1701,0,Awake,,1652,0,Awake
1702,0,Awake,,1653,0,Awake
1703,0,Awake,,1654,0,Awake
1704,0,Awake,,1655,0,Awake
1705,0,Awake,,1656,0,Awake
1706,0,Awake,,1657,0,Awake
1707,0,Awake,,1658,0,Awake
1708,0,Awake,,1659,0,Awake
1709,0,Awake,,1660,0,Awake
1710,0,Awake,,1661,0,Awake
1712,0,Awake,,1662,0,Awake
1713,0,Awake,,1663,0,Awake
1714,0,Awake,,1664,0,Awake
1715,0.001,Awake,,1665,0,Awake
1716,0,Awake,,1666,0,Awake
1717,0,Awake,,1667,0,Awake
1718,0,Awake,,1668,0,Awake
1719,0,Awake,,1669,0,Awake
1720,0,Awake,,1670,0,Awake
1721,0,Awake,,1671,0,Awake
1722,0,Awake,,1672,0,Awake
1723,0,Awake,,1673,,
1724,0,Awake,,1674,0,Awake
1725,0,Awake,,1675,0,Awake
1726,0,Awake,,1676,0,Awake
1727,0.001,Awake,,1677,0,Awake
1728,0.002,Awake,,1678,0,Awake
1729,0,Awake,,1679,0,Awake
1730,0,Awake,,1680,0,Awake
1731,0,Awake,,1681,0,Awake
1732,0,Awake,,1682,0,Awake
1733,0.001,Awake,,1683,0,Awake
1734,0,Awake,,1684,0,Awake
1735,0,Awake,,1685,0,Awake
1736,0,Awake,,1686,0,Awake
1737,0.001,Awake,,1687,0,Awake
1738,0,Awake,,1688,0,Awake
1740,0,Awake,,1689,0,Awake
1741,0,Awake,,1690,0,Awake
1742,0,Awake,,1691,0,Awake
1743,0,Awake,,1692,0,Awake
1744,0,Awake,,1693,0,Awake
1745,0,Awake,,1694,0,Awake
1746,0,Awake,,1695,0,Awake
1747,0,Awake,,1696,0,Awake
1748,0,Awake,,1697,0,Awake
1749,0,Awake,,1698,0,Awake
1750,0,Awake,,1699,0,Awake
1751,0,Awake,,1700,0,Awake
1752,0,Awake,,1701,0,Awake
1753,0,Awake,,1702,0,Awake
1754,0,Awake,,1703,0,Awake
1755,0,Awake,,1704,0,Awake
1756,0,Awake,,1705,0,Awake
1757,0,Awake,,1706,0,Awake
1758,0,Awake,,1707,0,Awake
1759,0,Awake,,1708,0,Awake
1760,0,Awake,,1709,0,Awake
1761,0,Awake,,1710,0,Awake
1762,0,Awake,,1711,,
1763,0,Awake,,1712,0,Awake
1764,0,Awake,,1713,0,Awake
1765,0,Awake,,1714,0,Awake
1766,0,Awake,,1715,0.001,Awake
1767,0,Awake,,1716,0,Awake
1768,0,Awake,,1717,0,Awake
1769,0,Awake,,1718,0,Awake
1771,0,Awake,,1719,0,Awake
1772,0,Awake,,1720,0,Awake
1773,0,Awake,,1721,0,Awake
1774,0,Awake,,1722,0,Awake
1775,0,Awake,,1723,0,Awake
1776,0,Awake,,1724,0,Awake
1777,0,Awake,,1725,0,Awake
1778,0,Awake,,1726,0,Awake
1779,0,Awake,,1727,0.001,Awake
1780,0,Awake,,1728,0.002,Awake
1781,0,Awake,,1729,0,Awake
1782,0,Awake,,1730,0,Awake
1783,0,Awake,,1731,0,Awake
1784,0,Awake,,1732,0,Awake
1785,0,Awake,,1733,0.001,Awake
1786,0,Awake,,1734,0,Awake
1787,0,Awake,,1735,0,Awake
1788,0,Awake,,1736,0,Awake
1789,0,Awake,,1737,0.001,Awake
1790,0,Awake,,1738,0,Awake
1791,0,Awake,,1739,,
1792,0,Awake,,1740,0,Awake
1793,0,Awake,,1741,0,Awake
1794,0,Awake,,1742,0,Awake
1795,0,Awake,,1743,0,Awake
1796,0,Awake,,1744,0,Awake
1797,0,Awake,,1745,0,Awake
1798,0,Awake,,1746,0,Awake
1799,0,Awake,,1747,0,Awake
1800,0,Awake,,1748,0,Awake
1801,0,Awake,,1749,0,Awake
1802,0,Awake,,1750,0,Awake
1803,0,Awake,,1751,0,Awake
1804,0,Awake,,1752,0,Awake
1805,0,Awake,,1753,0,Awake
1806,0,Awake,,1754,0,Awake
1808,0,Awake,,1755,0,Awake
1809,0,Awake,,1756,0,Awake
1810,0,Awake,,1757,0,Awake
1811,0,Awake,,1758,0,Awake
1812,0,Awake,,1759,0,Awake
1813,0,Awake,,1760,0,Awake
1814,0,Awake,,1761,0,Awake
1815,0,Awake,,1762,0,Awake
1816,0,Awake,,1763,0,Awake
1817,0,Awake,,1764,0,Awake
1818,0,Awake,,1765,0,Awake
1819,0,Awake,,1766,0,Awake
1820,0,Awake,,1767,0,Awake
1821,0,Awake,,1768,0,Awake
1822,0,Awake,,1769,0,Awake
1823,0,Awake,,1770,,
1824,0,Awake,,1771,0,Awake
1825,0,Awake,,1772,0,Awake
1826,0,Awake,,1773,0,Awake
1827,0,Awake,,1774,0,Awake
1828,0,Awake,,1775,0,Awake
1829,0,Awake,,1776,0,Awake
1830,0,Awake,,1777,0,Awake
1831,0,Awake,,1778,0,Awake
1832,0.001,Awake,,1779,0,Awake
1833,0,Awake,,1780,0,Awake
1834,0,Awake,,1781,0,Awake
1835,0,Awake,,1782,0,Awake
1836,0,Awake,,1783,0,Awake
1837,0,Awake,,1784,0,Awake
1838,0,Awake,,1785,0,Awake
1839,0,Awake,,1786,0,Awake
1840,0,Awake,,1787,0,Awake
1842,0,Awake,,1788,0,Awake
1843,0,Awake,,1789,0,Awake
1844,0,Awake,,1790,0,Awake
1845,0,Awake,,1791,0,Awake
1846,0,Awake,,1792,0,Awake
1847,0,Awake,,1793,0,Awake
1848,0,Awake,,1794,0,Awake
1849,0,Awake,,1795,0,Awake
1850,0,Awake,,1796,0,Awake
1851,0,Awake,,1797,0,Awake
1852,0,Awake,,1798,0,Awake
1853,0,Awake,,1799,0,Awake
1854,0,Awake,,1800,0,Awake
1855,0,Awake,,1801,0,Awake
1856,0,Awake,,1802,0,Awake
1857,0,Awake,,1803,0,Awake
1858,0,Awake,,1804,0,Awake
1859,0,Awake,,1805,0,Awake
1860,0,Awake,,1806,0,Awake
1861,0,Awake,,1807,,
1862,0,Awake,,1808,0,Awake
1863,0,Awake,,1809,0,Awake
1864,0,Awake,,1810,0,Awake
1865,0,Awake,,1811,0,Awake
1866,0,Awake,,1812,0,Awake
1867,0,Awake,,1813,0,Awake
1868,0,Awake,,1814,0,Awake
1869,0,Awake,,1815,0,Awake
1870,0,Awake,,1816,0,Awake
1871,0,Awake,,1817,0,Awake
1873,0,Awake,,1818,0,Awake
1874,0,Awake,,1819,0,Awake
1875,0,Awake,,1820,0,Awake
1876,0,Awake,,1821,0,Awake
1877,0,Awake,,1822,0,Awake
1878,0,Awake,,1823,0,Awake
1879,0,Awake,,1824,0,Awake
1880,0,Awake,,1825,0,Awake
1881,0,Awake,,1826,0,Awake
1882,0,Awake,,1827,0,Awake
1883,0,Awake,,1828,0,Awake
1884,0,Awake,,1829,0,Awake
1885,0,Awake,,1830,0,Awake
1886,0,Awake,,1831,0,Awake
1887,0,Awake,,1832,0.001,Awake
1888,0,Awake,,1833,0,Awake
1889,0,Awake,,1834,0,Awake
1890,0,Awake,,1835,0,Awake
1891,0,Awake,,1836,0,Awake
1892,0,Awake,,1837,0,Awake
1893,0,Awake,,1838,0,Awake
1894,0,Awake,,1839,0,Awake
1895,0,Awake,,1840,0,Awake
1896,0,Awake,,1841,,
1897,0,Awake,,1842,0,Awake
1898,0,Awake,,1843,0,Awake
1899,0,Awake,,1844,0,Awake
1900,0,Awake,,1845,0,Awake
1901,0,Awake,,1846,0,Awake
1902,0,Awake,,1847,0,Awake
1903,0,Awake,,1848,0,Awake
1905,0,Awake,,1849,0,Awake
1906,0,Awake,,1850,0,Awake
1907,0,Awake,,1851,0,Awake
1908,0,Awake,,1852,0,Awake
1909,0,Awake,,1853,0,Awake
1910,0,Awake,,1854,0,Awake
1911,0,Awake,,1855,0,Awake
1912,0,Awake,,1856,0,Awake
1913,0,Awake,,1857,0,Awake
1914,0,Awake,,1858,0,Awake
1915,0,Awake,,1859,0,Awake
1916,0,Awake,,1860,0,Awake
1917,0,Awake,,1861,0,Awake
1918,0,Awake,,1862,0,Awake
1919,0,Awake,,1863,0,Awake
1920,0,Awake,,1864,0,Awake
1921,0,Awake,,1865,0,Awake
1922,0,Awake,,1866,0,Awake
1923,0,Awake,,1867,0,Awake
1924,0,Awake,,1868,0,Awake
1925,0,Awake,,1869,0,Awake
1926,0,Awake,,1870,0,Awake
1927,0,Awake,,1871,0,Awake
1928,0,Awake,,1872,,
1929,0,Awake,,1873,0,Awake
1930,0,Awake,,1874,0,Awake
1931,0,Awake,,1875,0,Awake
1932,0,Awake,,1876,0,Awake
1933,0,Awake,,1877,0,Awake
1934,0,Awake,,1878,0,Awake
1935,0,Awake,,1879,0,Awake
1936,0,Awake,,1880,0,Awake
1937,0,Awake,,1881,0,Awake
1939,0,Awake,,1882,0,Awake
1940,0,Awake,,1883,0,Awake
1941,0,Awake,,1884,0,Awake
1942,0,Awake,,1885,0,Awake
1943,0,Awake,,1886,0,Awake
1944,0,Awake,,1887,0,Awake
1945,0,Awake,,1888,0,Awake
1946,0,Awake,,1889,0,Awake
1947,0,Awake,,1890,0,Awake
1948,0,Awake,,1891,0,Awake
1949,0,Awake,,1892,0,Awake
1950,0,Awake,,1893,0,Awake
1951,0,Awake,,1894,0,Awake
1952,0,Awake,,1895,0,Awake
1953,0,Awake,,1896,0,Awake
1954,0,Awake,,1897,0,Awake
1955,0,Awake,,1898,0,Awake
1956,0,Awake,,1899,0,Awake
1957,0,Awake,,1900,0,Awake
1958,0,Awake,,1901,0,Awake
1959,0,Awake,,1902,0,Awake
1960,0,Awake,,1903,0,Awake
1961,0,Awake,,1904,,
1962,0,Awake,,1905,0,Awake
1963,0,Awake,,1906,0,Awake
1964,0,Awake,,1907,0,Awake
1965,0,Awake,,1908,0,Awake
1967,0,Awake,,1909,0,Awake
1968,0,Awake,,1910,0,Awake
1969,0,Awake,,1911,0,Awake
1970,0,Awake,,1912,0,Awake
1971,0,Awake,,1913,0,Awake
1972,0,Awake,,1914,0,Awake
1973,0,Awake,,1915,0,Awake
1974,0,Awake,,1916,0,Awake
1975,0,Awake,,1917,0,Awake
1976,0,Awake,,1918,0,Awake
1977,0,Awake,,1919,0,Awake
1978,0,Awake,,1920,0,Awake
1979,0,Awake,,1921,0,Awake
1980,0,Awake,,1922,0,Awake
1981,0,Awake,,1923,0,Awake
1982,0,Awake,,1924,0,Awake
1983,0,Awake,,1925,0,Awake
1984,0,Awake,,1926,0,Awake
1985,0,Awake,,1927,0,Awake
1986,0,Awake,,1928,0,Awake
1987,0,Awake,,1929,0,Awake
1988,0,Awake,,1930,0,Awake
1989,0,Awake,,1931,0,Awake
1990,0,Awake,,1932,0,Awake
1991,0,Awake,,1933,0,Awake
1992,0,Awake,,1934,0,Awake
1993,0,Awake,,1935,0,Awake
1994,0,Awake,,1936,0,Awake
1996,0,Awake,,1937,0,Awake
1997,0,Awake,,1938,,
1998,0,Awake,,1939,0,Awake
1999,0,Awake,,1940,0,Awake
2000,0,Awake,,1941,0,Awake
2001,0,Awake,,1942,0,Awake
2002,0,Awake,,1943,0,Awake
2003,0.001,Awake,,1944,0,Awake
2004,0,Awake,,1945,0,Awake
2005,0,Awake,,1946,0,Awake
2006,0,Awake,,1947,0,Awake
2007,0,Awake,,1948,0,Awake
2008,0,Awake,,1949,0,Awake
2009,0,Awake,,1950,0,Awake
2010,0,Awake,,1951,0,Awake
2011,0,Awake,,1952,0,Awake
2012,0,Awake,,1953,0,Awake
2013,0.001,Awake,,1954,0,Awake
2014,0,Awake,,1955,0,Awake
2015,0,Awake,,1956,0,Awake
2016,0,Awake,,1957,0,Awake
2017,0,Awake,,1958,0,Awake
2018,0,Awake,,1959,0,Awake
2019,0,Awake,,1960,0,Awake
2020,0,Awake,,1961,0,Awake
2021,0,Awake,,1962,0,Awake
2022,0,Awake,,1963,0,Awake
2023,0,Awake,,1964,0,Awake
2024,0,Awake,,1965,0,Awake
2025,0,Awake,,1966,,
2026,0,Awake,,1967,0,Awake
2027,0,Awake,,1968,0,Awake
2028,0,Awake,,1969,0,Awake
2030,0,Awake,,1970,0,Awake
2031,0,Awake,,1971,0,Awake
2032,0,Awake,,1972,0,Awake
2033,0,Awake,,1973,0,Awake
2034,0,Awake,,1974,0,Awake
2035,0,Awake,,1975,0,Awake
2036,0,Awake,,1976,0,Awake
2037,0,Awake,,1977,0,Awake
2038,0,Awake,,1978,0,Awake
2039,0,Awake,,1979,0,Awake
2040,0,Awake,,1980,0,Awake
2041,0,Awake,,1981,0,Awake
2042,0,Awake,,1982,0,Awake
2043,0,Awake,,1983,0,Awake
2044,0,Awake,,1984,0,Awake
2045,0,Awake,,1985,0,Awake
2046,0,Awake,,1986,0,Awake
2047,0,Awake,,1987,0,Awake
2048,0,Awake,,1988,0,Awake
2049,0,Awake,,1989,0,Awake
2050,0,Awake,,1990,0,Awake
2051,0,Awake,,1991,0,Awake
2052,0,Awake,,1992,0,Awake
2053,0,Awake,,1993,0,Awake
2054,0,Awake,,1994,0,Awake
2055,0,Awake,,1995,,
2056,0,Awake,,1996,0,Awake
2057,0,Awake,,1997,0,Awake
2058,0,Awake,,1998,0,Awake
2059,0,Awake,,1999,0,Awake
2061,0,Awake,,2000,0,Awake
2062,0,Awake,,2001,0,Awake
2063,0,Awake,,2002,0,Awake
2064,0,Awake,,2003,0.001,Awake
2065,0,Awake,,2004,0,Awake
2066,0,Awake,,2005,0,Awake
2067,0,Awake,,2006,0,Awake
2068,0,Awake,,2007,0,Awake
2069,0,Awake,,2008,0,Awake
2070,0,Awake,,2009,0,Awake
2071,0.001,Awake,,2010,0,Awake
2072,0,Awake,,2011,0,Awake
2073,0,Awake,,2012,0,Awake
2074,0,Awake,,2013,0.001,Awake
2075,0.001,Awake,,2014,0,Awake
2076,0,Awake,,2015,0,Awake
2077,0,Awake,,2016,0,Awake
2078,0.001,Awake,,2017,0,Awake
2079,0,Awake,,2018,0,Awake
2080,0,Awake,,2019,0,Awake
2081,0,Awake,,2020,0,Awake
2082,0,Awake,,2021,0,Awake
2083,0,Awake,,2022,0,Awake
2084,0,Awake,,2023,0,Awake
2085,0,Awake,,2024,0,Awake
2086,0,Awake,,2025,0,Awake
2087,0,Awake,,2026,0,Awake
2088,0,Awake,,2027,0,Awake
2089,0,Awake,,2028,0,Awake
2090,0,Awake,,2029,,
2091,0,Awake,,2030,0,Awake
2092,0,Awake,,2031,0,Awake
2093,0,Awake,,2032,0,Awake
2095,0,Awake,,2033,0,Awake
2096,0,Awake,,2034,0,Awake
2097,0,Awake,,2035,0,Awake
2098,0,Awake,,2036,0,Awake
2099,0.001,Awake,,2037,0,Awake
2100,0,Awake,,2038,0,Awake
2101,0,Awake,,2039,0,Awake
2102,0,Awake,,2040,0,Awake
2103,0,Awake,,2041,0,Awake
2104,0,Awake,,2042,0,Awake
2105,0,Awake,,2043,0,Awake
2106,0,Awake,,2044,0,Awake
2107,0,Awake,,2045,0,Awake
2108,0.001,Awake,,2046,0,Awake
2109,0,Awake,,2047,0,Awake
2110,0,Awake,,2048,0,Awake
2111,0.001,Awake,,2049,0,Awake
2112,0,Awake,,2050,0,Awake
2113,0.001,Awake,,2051,0,Awake
2114,0,Awake,,2052,0,Awake
2115,0,Awake,,2053,0,Awake
2116,0,Awake,,2054,0,Awake
2117,0,Awake,,2055,0,Awake
2118,0,Awake,,2056,0,Awake
2119,0,Awake,,2057,0,Awake
2120,0,Awake,,2058,0,Awake
2121,0,Awake,,2059,0,Awake
2122,0,Awake,,2060,,
2123,0,Awake,,2061,0,Awake
2124,0,Awake,,2062,0,Awake
2126,0,Awake,,2063,0,Awake
2127,0,Awake,,2064,0,Awake
2128,0,Awake,,2065,0,Awake
2129,0,Awake,,2066,0,Awake
2130,0,Awake,,2067,0,Awake
2131,0,Awake,,2068,0,Awake
2132,0,Awake,,2069,0,Awake
2133,0,Awake,,2070,0,Awake
2134,0,Awake,,2071,0.001,Awake
2135,0,Awake,,2072,0,Awake
2136,0,Awake,,2073,0,Awake
2137,0,Awake,,2074,0,Awake
2138,0,Awake,,2075,0.001,Awake
2139,0,Awake,,2076,0,Awake
2140,0,Awake,,2077,0,Awake
2141,0,Awake,,2078,0.001,Awake
2142,0,Awake,,2079,0,Awake
2143,0,Awake,,2080,0,Awake
2144,0,Awake,,2081,0,Awake
2145,0,Awake,,2082,0,Awake
2146,0,Awake,,2083,0,Awake
2147,0,Awake,,2084,0,Awake
2148,0,Awake,,2085,0,Awake
2149,0,Awake,,2086,0,Awake
2150,0,Awake,,2087,0,Awake
2151,0,Awake,,2088,0,Awake
2152,0,Awake,,2089,0,Awake
2153,0,Awake,,2090,0,Awake
2154,0,Awake,,2091,0,Awake
2155,0,Awake,,2092,0,Awake
2156,0.001,Awake,,2093,0,Awake
2157,0.001,Awake,,2094,,
2158,0,Awake,,2095,0,Awake
2160,0,Awake,,2096,0,Awake
2161,0,Awake,,2097,0,Awake
2162,0,Awake,,2098,0,Awake
2163,0,Awake,,2099,0.001,Awake
2164,0,Awake,,2100,0,Awake
2165,0,Awake,,2101,0,Awake
2166,0,Awake,,2102,0,Awake
2167,0,Awake,,2103,0,Awake
2168,0,Awake,,2104,0,Awake
2169,0,Awake,,2105,0,Awake
2170,0,Awake,,2106,0,Awake
2171,0,Awake,,2107,0,Awake
2172,0,Awake,,2108,0.001,Awake
2173,0,Awake,,2109,0,Awake
2174,0,Awake,,2110,0,Awake
2175,0,Awake,,2111,0.001,Awake
2176,0,Awake,,2112,0,Awake
2177,0,Awake,,2113,0.001,Awake
2178,0,Awake,,2114,0,Awake
2179,0,Awake,,2115,0,Awake
2180,0,Awake,,2116,0,Awake
2181,0,Awake,,2117,0,Awake
2182,0,Awake,,2118,0,Awake
2183,0,Awake,,2119,0,Awake
2184,0,Awake,,2120,0,Awake
2185,0,Awake,,2121,0,Awake
2186,0,Awake,,2122,0,Awake
2187,0,Awake,,2123,0,Awake
2188,0,Awake,,2124,0,Awake
2189,0,Awake,,2125,,
2190,0,Awake,,2126,0,Awake
2191,0,Awake,,2127,0,Awake
2192,0,Awake,,2128,0,Awake
2193,0,Awake,,2129,0,Awake
2194,0,Awake,,2130,0,Awake
2195,0,Awake,,2131,0,Awake
2196,0,Awake,,2132,0,Awake
2198,0,Awake,,2133,0,Awake
2199,0,Awake,,2134,0,Awake
2200,0,Awake,,2135,0,Awake
2201,0,Awake,,2136,0,Awake
2202,0,Awake,,2137,0,Awake
2203,0,Awake,,2138,0,Awake
2204,0,Awake,,2139,0,Awake
2205,0,Awake,,2140,0,Awake
2206,0,Awake,,2141,0,Awake
2207,0,Awake,,2142,0,Awake
2208,0,Awake,,2143,0,Awake
2209,0,Awake,,2144,0,Awake
2210,0,Awake,,2145,0,Awake
2211,0,Awake,,2146,0,Awake
2212,0,Awake,,2147,0,Awake
2213,0,Awake,,2148,0,Awake
2214,0,Awake,,2149,0,Awake
2215,0,Awake,,2150,0,Awake
2216,0,Awake,,2151,0,Awake
2217,0,Awake,,2152,0,Awake
2218,0,Awake,,2153,0,Awake
2219,0,Awake,,2154,0,Awake
2220,0,Awake,,2155,0,Awake
2221,0,Awake,,2156,0.001,Awake
2222,0,Awake,,2157,0.001,Awake
2223,0,Awake,,2158,0,Awake
2224,0,Awake,,2159,,
2225,0,Awake,,2160,0,Awake
2226,0,Awake,,2161,0,Awake
2227,0,Awake,,2162,0,Awake
2228,0,Awake,,2163,0,Awake
2229,0,Awake,,2164,0,Awake
2230,0,Awake,,2165,0,Awake
2231,0,Awake,,2166,0,Awake
2232,0,Awake,,2167,0,Awake
2234,0,Awake,,2168,0,Awake
2235,0,Awake,,2169,0,Awake
2236,0,Awake,,2170,0,Awake
2237,0,Awake,,2171,0,Awake
2238,0,Awake,,2172,0,Awake
2239,0,Awake,,2173,0,Awake
2240,0,Awake,,2174,0,Awake
2241,0,Awake,,2175,0,Awake
2242,0,Awake,,2176,0,Awake
2243,0,Awake,,2177,0,Awake
2244,0,Awake,,2178,0,Awake
2245,0,Awake,,2179,0,Awake
2246,0,Awake,,2180,0,Awake
2247,0,Awake,,2181,0,Awake
2248,0,Awake,,2182,0,Awake
2249,0,Awake,,2183,0,Awake
2250,0,Awake,,2184,0,Awake
2251,0,Awake,,2185,0,Awake
2252,0,Awake,,2186,0,Awake
2253,0,Awake,,2187,0,Awake
2254,0,Awake,,2188,0,Awake
2255,0,Awake,,2189,0,Awake
2256,0,Awake,,2190,0,Awake
2257,0,Awake,,2191,0,Awake
2258,0,Awake,,2192,0,Awake
2259,0,Awake,,2193,0,Awake
2260,0,Awake,,2194,0,Awake
2261,0,Awake,,2195,0,Awake
2262,0,Awake,,2196,0,Awake
2263,0,Awake,,2197,,
2264,0,Awake,,2198,0,Awake
2265,0,Awake,,2199,0,Awake
2266,0,Awake,,2200,0,Awake
2267,0,Awake,,2201,0,Awake
2268,0,Awake,,2202,0,Awake
2269,0,Awake,,2203,0,Awake
2270,0,Awake,,2204,0,Awake
2271,0,Awake,,2205,0,Awake
2273,0,Awake,,2206,0,Awake
2274,0,Awake,,2207,0,Awake
2275,0,Awake,,2208,0,Awake
2276,0,Awake,,2209,0,Awake
2277,0,Awake,,2210,0,Awake
2278,0,Awake,,2211,0,Awake
2279,0,Awake,,2212,0,Awake
2280,0,Awake,,2213,0,Awake
2281,0,Awake,,2214,0,Awake
2282,0,Awake,,2215,0,Awake
2283,0,Awake,,2216,0,Awake
2284,0,Awake,,2217,0,Awake
2285,0,Awake,,2218,0,Awake
2286,0,Awake,,2219,0,Awake
2287,0,Awake,,2220,0,Awake
2288,0,Awake,,2221,0,Awake
2289,0,Awake,,2222,0,Awake
2290,0,Awake,,2223,0,Awake
2291,0,Awake,,2224,0,Awake
2292,0,Awake,,2225,0,Awake
2293,0,Awake,,2226,0,Awake
2294,0,Awake,,2227,0,Awake
2295,0,Awake,,2228,0,Awake
2296,0,Awake,,2229,0,Awake
2297,0,Awake,,2230,0,Awake
2298,0,Awake,,2231,0,Awake
2299,0,Awake,,2232,0,Awake
2300,0,Awake,,2233,,
2301,0,Awake,,2234,0,Awake
2302,0,Awake,,2235,0,Awake
2303,0,Awake,,2236,0,Awake
2304,0,Awake,,2237,0,Awake
2305,0,Awake,,2238,0,Awake
2307,0,Awake,,2239,0,Awake
2308,0,Awake,,2240,0,Awake
2309,0,Awake,,2241,0,Awake
2310,0,Awake,,2242,0,Awake
2311,0,Awake,,2243,0,Awake
2312,0,Awake,,2244,0,Awake
2313,0,Awake,,2245,0,Awake
2314,0,Awake,,2246,0,Awake
2315,0,Awake,,2247,0,Awake
2316,0,Awake,,2248,0,Awake
2317,0,Awake,,2249,0,Awake
2318,0.001,Awake,,2250,0,Awake
2319,0,Awake,,2251,0,Awake
2320,0,Awake,,2252,0,Awake
2321,0,Awake,,2253,0,Awake
2322,0,Awake,,2254,0,Awake
2323,0,Awake,,2255,0,Awake
2324,0,Awake,,2256,0,Awake
2325,0,Awake,,2257,0,Awake
2326,0,Awake,,2258,0,Awake
2327,0,Awake,,2259,0,Awake
2328,0,Awake,,2260,0,Awake
2329,0,Awake,,2261,0,Awake
2330,0,Awake,,2262,0,Awake
2331,0,Awake,,2263,0,Awake
2332,0,Awake,,2264,0,Awake
2333,0,Awake,,2265,0,Awake
2334,0,Awake,,2266,0,Awake
2335,0,Awake,,2267,0,Awake
2336,0,Awake,,2268,0,Awake
2337,0,Awake,,2269,0,Awake
2338,0,Awake,,2270,0,Awake
2339,0,Awake,,2271,0,Awake
2340,0,Awake,,2272,,
2341,0,Awake,,2273,0,Awake
2342,0,Awake,,2274,0,Awake
2343,0,Awake,,2275,0,Awake
2344,0,Awake,,2276,0,Awake
2346,0,Awake,,2277,0,Awake
2347,0,Awake,,2278,0,Awake
2348,0,Awake,,2279,0,Awake
2349,0,Awake,,2280,0,Awake
2350,0,Awake,,2281,0,Awake
2351,0,Awake,,2282,0,Awake
2352,0.001,Awake,,2283,0,Awake
2353,0.001,Awake,,2284,0,Awake
2354,0,Awake,,2285,0,Awake
2355,0,Awake,,2286,0,Awake
2356,0,Awake,,2287,0,Awake
2357,0,Awake,,2288,0,Awake
2358,0,Awake,,2289,0,Awake
2359,0,Awake,,2290,0,Awake
2360,0,Awake,,2291,0,Awake
2361,0,Awake,,2292,0,Awake
2362,0,Awake,,2293,0,Awake
2363,0,Awake,,2294,0,Awake
2364,0,Awake,,2295,0,Awake
2365,0,Awake,,2296,0,Awake
2366,0,Awake,,2297,0,Awake
2367,0,Awake,,2298,0,Awake
2368,0,Awake,,2299,0,Awake
2369,0,Awake,,2300,0,Awake
2370,0,Awake,,2301,0,Awake
2371,0,Awake,,2302,0,Awake
2372,0,Awake,,2303,0,Awake
2373,0,Awake,,2304,0,Awake
2374,0,Awake,,2305,0,Awake
2375,0,Awake,,2306,,
2376,0,Awake,,2307,0,Awake
2377,0,Awake,,2308,0,Awake
2378,0,Awake,,2309,0,Awake
2379,0,Awake,,2310,0,Awake
2380,0,Awake,,2311,0,Awake
2381,0,Awake,,2312,0,Awake
2382,0,Awake,,2313,0,Awake
2383,0,Awake,,2314,0,Awake
2385,0,Awake,,2315,0,Awake
2386,0,Awake,,2316,0,Awake
2387,0,Awake,,2317,0,Awake
2388,0,Awake,,2318,0.001,Awake
2389,0,Awake,,2319,0,Awake
2390,0,Awake,,2320,0,Awake
2391,0,Awake,,2321,0,Awake
2392,0,Awake,,2322,0,Awake
2393,0,Awake,,2323,0,Awake
2394,0,Awake,,2324,0,Awake
2395,0,Awake,,2325,0,Awake
2396,0,Awake,,2326,0,Awake
2397,0,Awake,,2327,0,Awake
2398,0,Awake,,2328,0,Awake
2399,0,Awake,,2329,0,Awake
2400,0,Awake,,2330,0,Awake
2401,0,Awake,,2331,0,Awake
2402,0,Awake,,2332,0,Awake
2403,0,Awake,,2333,0,Awake
2404,0,Awake,,2334,0,Awake
2405,0,Awake,,2335,0,Awake
2406,0,Awake,,2336,0,Awake
2407,0,Awake,,2337,0,Awake
2408,0,Awake,,2338,0,Awake
2409,0,Awake,,2339,0,Awake
2410,0,Awake,,2340,0,Awake
2411,0,Awake,,2341,0,Awake
2412,0,Awake,,2342,0,Awake
2413,0.001,Awake,,2343,0,Awake
2414,0,Awake,,2344,0,Awake
2415,0,Awake,,2345,,
2416,0,Awake,,2346,0,Awake
2417,0,Awake,,2347,0,Awake
2418,0,Awake,,2348,0,Awake
2419,0,Awake,,2349,0,Awake
2421,0,Awake,,2350,0,Awake
2422,0,Awake,,2351,0,Awake
2423,0,Awake,,2352,0.001,Awake
2424,0,Awake,,2353,0.001,Awake
2425,0,Awake,,2354,0,Awake
2426,0,Awake,,2355,0,Awake
2427,0,Awake,,2356,0,Awake
2428,0,Awake,,2357,0,Awake
2429,0.002,Awake,,2358,0,Awake
2430,0,Awake,,2359,0,Awake
2431,0,Awake,,2360,0,Awake
2432,0,Awake,,2361,0,Awake
2433,0,Awake,,2362,0,Awake
2434,0,Awake,,2363,0,Awake
2435,0,Awake,,2364,0,Awake
2436,0,Awake,,2365,0,Awake
2437,0,Awake,,2366,0,Awake
2438,0,Awake,,2367,0,Awake
2439,0,Awake,,2368,0,Awake
2440,0,Awake,,2369,0,Awake
2441,0,Awake,,2370,0,Awake
2442,0,Awake,,2371,0,Awake
2443,0,Awake,,2372,0,Awake
2444,0,Awake,,2373,0,Awake
2445,0,Awake,,2374,0,Awake
2446,0,Awake,,2375,0,Awake
2447,0,Awake,,2376,0,Awake
2448,0,Awake,,2377,0,Awake
2449,0,Awake,,2378,0,Awake
2450,0,Awake,,2379,0,Awake
2451,0,Awake,,2380,0,Awake
2452,0,Awake,,2381,0,Awake
2453,0,Awake,,2382,0,Awake
2454,0,Awake,,2383,0,Awake
2456,0,Awake,,2384,,
2457,0,Awake,,2385,0,Awake
2458,0,Awake,,2386,0,Awake
2459,0,Awake,,2387,0,Awake
2460,0,Awake,,2388,0,Awake
2461,0,Awake,,2389,0,Awake
2462,0,Awake,,2390,0,Awake
2463,0,Awake,,2391,0,Awake
2464,0,Awake,,2392,0,Awake
2465,0,Awake,,2393,0,Awake
2466,0,Awake,,2394,0,Awake
2467,0,Awake,,2395,0,Awake
2468,0.001,Awake,,2396,0,Awake
2469,0,Awake,,2397,0,Awake
2470,0.001,Awake,,2398,0,Awake
2471,0,Awake,,2399,0,Awake
2472,0,Awake,,2400,0,Awake
2473,0,Awake,,2401,0,Awake
2474,0,Awake,,2402,0,Awake
2475,0,Awake,,2403,0,Awake
2476,0,Awake,,2404,0,Awake
2477,0,Awake,,2405,0,Awake
2478,0,Awake,,2406,0,Awake
2479,0,Awake,,2407,0,Awake
2480,0,Awake,,2408,0,Awake
2481,0,Awake,,2409,0,Awake
2482,0,Awake,,2410,0,Awake
2483,0,Awake,,2411,0,Awake
2484,0,Awake,,2412,0,Awake
2485,0,Awake,,2413,0.001,Awake
2486,0,Awake,,2414,0,Awake
2487,0,Awake,,2415,0,Awake
2488,0,Awake,,2416,0,Awake
2489,0,Awake,,2417,0,Awake
2490,0,Awake,,2418,0,Awake
2492,0,Awake,,2419,0,Awake
2493,0,Awake,,2420,,
2494,0,Awake,,2421,0,Awake
2495,0,Awake,,2422,0,Awake
2496,0,Awake,,2423,0,Awake
2497,0,Awake,,2424,0,Awake
2498,0,Awake,,2425,0,Awake
2499,0,Awake,,2426,0,Awake
2500,0,Awake,,2427,0,Awake
2501,0,Awake,,2428,0,Awake
2502,0,Awake,,2429,0.002,Awake
2503,0,Awake,,2430,0,Awake
2504,0,Awake,,2431,0,Awake
2505,0,Awake,,2432,0,Awake
2506,0,Awake,,2433,0,Awake
2507,0,Awake,,2434,0,Awake
2508,0,Awake,,2435,0,Awake
2509,0,Awake,,2436,0,Awake
2510,0,Awake,,2437,0,Awake
2511,0,Awake,,2438,0,Awake
2512,0,Awake,,2439,0,Awake
2513,0,Awake,,2440,0,Awake
2514,0,Awake,,2441,0,Awake
2515,0,Awake,,2442,0,Awake
2516,0,Awake,,2443,0,Awake
2517,0,Awake,,2444,0,Awake
2518,0,Awake,,2445,0,Awake
2519,0,Awake,,2446,0,Awake
2520,0,Awake,,2447,0,Awake
2521,0,Awake,,2448,0,Awake
2522,0,Awake,,2449,0,Awake
2524,0,Awake,,2450,0,Awake
2525,0,Awake,,2451,0,Awake
2526,0,Awake,,2452,0,Awake
2527,0,Awake,,2453,0,Awake
2528,0,Awake,,2454,0,Awake
2529,0,Awake,,2455,,
2530,0,Awake,,2456,0,Awake
2531,0,Awake,,2457,0,Awake
2532,0,Awake,,2458,0,Awake
2533,0,Awake,,2459,0,Awake
2534,0,Awake,,2460,0,Awake
2535,0,Awake,,2461,0,Awake
2536,0,Awake,,2462,0,Awake
2537,0,Awake,,2463,0,Awake
2538,0,Awake,,2464,0,Awake
2539,0,Awake,,2465,0,Awake
2540,0,Awake,,2466,0,Awake
2541,0,Awake,,2467,0,Awake
2542,0,Awake,,2468,0.001,Awake
2543,0,Awake,,2469,0,Awake
2544,0,Awake,,2470,0.001,Awake
2545,0,Awake,,2471,0,Awake
2546,0,Awake,,2472,0,Awake
2547,0,Awake,,2473,0,Awake
2548,0,Awake,,2474,0,Awake
2549,0,Awake,,2475,0,Awake
2550,0,Awake,,2476,0,Awake
2551,0,Awake,,2477,0,Awake
2552,0,Awake,,2478,0,Awake
2553,0,Awake,,2479,0,Awake
2554,0,Awake,,2480,0,Awake
2556,0,Awake,,2481,0,Awake
2557,0,Awake,,2482,0,Awake
2558,0,Awake,,2483,0,Awake
2559,0,Awake,,2484,0,Awake
2560,0,Awake,,2485,0,Awake
2561,0.001,Awake,,2486,0,Awake
2562,0,Awake,,2487,0,Awake
2563,0,Awake,,2488,0,Awake
2564,0,Awake,,2489,0,Awake
2565,0,Awake,,2490,0,Awake
2566,0,Awake,,2491,,
2567,0,Awake,,2492,0,Awake
2568,0,Awake,,2493,0,Awake
2569,0,Awake,,2494,0,Awake
2570,0,Awake,,2495,0,Awake
2571,0,Awake,,2496,0,Awake
2572,0,Awake,,2497,0,Awake
2573,0,Awake,,2498,0,Awake
2574,0,Awake,,2499,0,Awake
2575,0,Awake,,2500,0,Awake
2576,0,Awake,,2501,0,Awake
2577,0,Awake,,2502,0,Awake
2578,0,Awake,,2503,0,Awake
2579,0,Awake,,2504,0,Awake
2580,0,Awake,,2505,0,Awake
2581,0,Awake,,2506,0,Awake
2582,0,Awake,,2507,0,Awake
2583,0,Awake,,2508,0,Awake
2584,0,Awake,,2509,0,Awake
2585,0,Awake,,2510,0,Awake
2586,0,Awake,,2511,0,Awake
2588,0,Awake,,2512,0,Awake
2589,0,Awake,,2513,0,Awake
2590,0,Awake,,2514,0,Awake
2591,0,Awake,,2515,0,Awake
2592,0,Awake,,2516,0,Awake
2593,0,Awake,,2517,0,Awake
2594,0,Awake,,2518,0,Awake
2595,0.001,Awake,,2519,0,Awake
2596,0,Awake,,2520,0,Awake
2597,0,Awake,,2521,0,Awake
2598,0,Awake,,2522,0,Awake
2599,0,Awake,,2523,,
2600,0,Awake,,2524,0,Awake
2601,0,Awake,,2525,0,Awake
2602,0,Awake,,2526,0,Awake
2603,0,Awake,,2527,0,Awake
2604,0,Awake,,2528,0,Awake
2605,0,Awake,,2529,0,Awake
2606,0,Awake,,2530,0,Awake
2607,0,Awake,,2531,0,Awake
2608,0,Awake,,2532,0,Awake
2609,0,Awake,,2533,0,Awake
2610,0,Awake,,2534,0,Awake
2611,0,Awake,,2535,0,Awake
2612,0,Awake,,2536,0,Awake
2613,0,Awake,,2537,0,Awake
2614,0,Awake,,2538,0,Awake
2615,0,Awake,,2539,0,Awake
2616,0,Awake,,2540,0,Awake
2617,0,Awake,,2541,0,Awake
2618,0,Awake,,2542,0,Awake
2619,0,Awake,,2543,0,Awake
2621,0,Awake,,2544,0,Awake
2622,0.002,Awake,,2545,0,Awake
2623,0,Awake,,2546,0,Awake
2624,0,Awake,,2547,0,Awake
2625,0,Awake,,2548,0,Awake
2626,0,Awake,,2549,0,Awake
2627,0,Awake,,2550,0,Awake
2628,0,Awake,,2551,0,Awake
2629,0,Awake,,2552,0,Awake
2630,0,Awake,,2553,0,Awake
2631,0,Awake,,2554,0,Awake
2632,0,Awake,,2555,,
2633,0,Awake,,2556,0,Awake
2634,0,Awake,,2557,0,Awake
2635,0,Awake,,2558,0,Awake
2636,0,Awake,,2559,0,Awake
2637,0,Awake,,2560,0,Awake
2638,0,Awake,,2561,0.001,Awake
2639,0.001,Awake,,2562,0,Awake
2640,0,Awake,,2563,0,Awake
2641,0.001,Awake,,2564,0,Awake
2642,0,Awake,,2565,0,Awake
2643,0,Awake,,2566,0,Awake
2644,0,Awake,,2567,0,Awake
2645,0,Awake,,2568,0,Awake
2646,0,Awake,,2569,0,Awake
2647,0,Awake,,2570,0,Awake
2648,0,Awake,,2571,0,Awake
2649,0,Awake,,2572,0,Awake
2650,0,Awake,,2573,0,Awake
2652,0,Awake,,2574,0,Awake
2653,0,Awake,,2575,0,Awake
2654,0,Awake,,2576,0,Awake
2655,0,Awake,,2577,0,Awake
2656,0,Awake,,2578,0,Awake
2657,0,Awake,,2579,0,Awake
2658,0,Awake,,2580,0,Awake
2659,0,Awake,,2581,0,Awake
2660,0,Awake,,2582,0,Awake
2661,0,Awake,,2583,0,Awake
2662,0.001,Awake,,2584,0,Awake
2663,0,Awake,,2585,0,Awake
2664,0,Awake,,2586,0,Awake
2665,0,Awake,,2587,,
2666,0,Awake,,2588,0,Awake
2667,0,Awake,,2589,0,Awake
2668,0,Awake,,2590,0,Awake
2669,0,Awake,,2591,0,Awake
2670,0,Awake,,2592,0,Awake
2671,0,Awake,,2593,0,Awake
2672,0,Awake,,2594,0,Awake
2673,0,Awake,,2595,0.001,Awake
2674,0,Awake,,2596,0,Awake
2675,0,Awake,,2597,0,Awake
2676,0,Awake,,2598,0,Awake
2677,0,Awake,,2599,0,Awake
2678,0,Awake,,2600,0,Awake
2679,0,Awake,,2601,0,Awake
2680,0,Awake,,2602,0,Awake
2681,0,Awake,,2603,0,Awake
2682,0,Awake,,2604,0,Awake
2683,0,Awake,,2605,0,Awake
2684,0,Awake,,2606,0,Awake
2686,0,Awake,,2607,0,Awake
2687,0,Awake,,2608,0,Awake
2688,0,Awake,,2609,0,Awake
2689,0,Awake,,2610,0,Awake
2690,0,Awake,,2611,0,Awake
2691,0,Awake,,2612,0,Awake
2692,0.001,Awake,,2613,0,Awake
2693,0,Awake,,2614,0,Awake
2694,0,Awake,,2615,0,Awake
2695,0,Awake,,2616,0,Awake
2696,0,Awake,,2617,0,Awake
2697,0,Awake,,2618,0,Awake
2698,0,Awake,,2619,0,Awake
2699,0,Awake,,2620,,
2700,0,Awake,,2621,0,Awake
2701,0,Awake,,2622,0.002,Awake
2702,0,Awake,,2623,0,Awake
2703,0,Awake,,2624,0,Awake
2704,0,Awake,,2625,0,Awake
2705,0,Awake,,2626,0,Awake
2706,0,Awake,,2627,0,Awake
2707,0,Awake,,2628,0,Awake
2708,0,Awake,,2629,0,Awake
2709,0,Awake,,2630,0,Awake
2710,0,Awake,,2631,0,Awake
2711,0,Awake,,2632,0,Awake
2712,0,Awake,,2633,0,Awake
2713,0,Awake,,2634,0,Awake
,,,,2635,0,Awake
,,,,2636,0,Awake
,,,,2637,0,Awake
,,,,2638,0,Awake
,,,,2639,0.001,Awake
,,,,2640,0,Awake
,,,,2641,0.001,Awake
,,,,2642,0,Awake
,,,,2643,0,Awake
,,,,2644,0,Awake
,,,,2645,0,Awake
,,,,2646,0,Awake
,,,,2647,0,Awake
,,,,2648,0,Awake
,,,,2649,0,Awake
,,,,2650,0,Awake
,,,,2651,,
,,,,2652,0,Awake
,,,,2653,0,Awake
,,,,2654,0,Awake
,,,,2655,0,Awake
,,,,2656,0,Awake
,,,,2657,0,Awake
,,,,2658,0,Awake
,,,,2659,0,Awake
,,,,2660,0,Awake
,,,,2661,0,Awake
,,,,2662,0.001,Awake
,,,,2663,0,Awake
,,,,2664,0,Awake
,,,,2665,0,Awake
,,,,2666,0,Awake
,,,,2667,0,Awake
,,,,2668,0,Awake
,,,,2669,0,Awake
,,,,2670,0,Awake
,,,,2671,0,Awake
,,,,2672,0,Awake
,,,,2673,0,Awake
,,,,2674,0,Awake
,,,,2675,0,Awake
,,,,2676,0,Awake
,,,,2677,0,Awake
,,,,2678,0,Awake
,,,,2679,0,Awake
,,,,2680,0,Awake
,,,,2681,0,Awake
,,,,2682,0,Awake
,,,,2683,0,Awake
,,,,2684,0,Awake
,,,,2685,,
,,,,2686,0,Awake
,,,,2687,0,Awake
,,,,2688,0,Awake
,,,,2689,0,Awake
,,,,2690,0,Awake
,,,,2691,0,Awake
,,,,2692,0.001,Awake
,,,,2693,0,Awake
,,,,2694,0,Awake
,,,,2695,0,Awake
,,,,2696,0,Awake
,,,,2697,0,Awake
,,,,2698,0,Awake
,,,,2699,0,Awake
,,,,2700,0,Awake
,,,,2701,0,Awake
,,,,2702,0,Awake
,,,,2703,0,Awake
,,,,2704,0,Awake
,,,,2705,0,Awake
,,,,2706,0,Awake
,,,,2707,0,Awake
,,,,2708,0,Awake
,,,,2709,0,Awake
,,,,2710,0,Awake
,,,,2711,0,Awake
,,,,2712,0,Awake
,,,,2713,0,Awake
